dim_0,dim_1,dim_2,dim_3,dim_4,dim_5,dim_6,dim_7,dim_8,dim_9,dim_10,dim_11,dim_12,dim_13,dim_14,dim_15,dim_16,dim_17,dim_18,dim_19,dim_20,dim_21,dim_22,dim_23,dim_24,dim_25,dim_26,dim_27,dim_28,dim_29,dim_30,dim_31,Driver,LapNumber
0.0,2.0515485,0.0,2.70326,4.5709863,0.0,1.1528004,2.944305,2.0365856,3.818342,0.73927903,1.3849908,2.3567443,0.0,0.64244723,0.0,0.0,0.31610644,0.0,4.2768908,2.154159,2.7502222,1.6510775,4.686675,0.0,0.0,0.3807628,0.0,3.8359869,3.3335524,4.6671243,1.0163921,ALO,2.0
0.0,2.2408054,0.0,1.9627461,4.665234,0.14727186,1.9698993,3.7115417,1.5638831,3.8350441,0.0062717437,1.6545647,3.2103188,0.0,0.18925129,0.0,0.0,0.31831184,0.0,4.0688047,1.3954347,2.5353048,2.0819936,4.0043855,0.0,0.0,0.055447638,0.0,3.4515593,3.3980322,4.4999924,0.23240775,ALO,3.0
0.0,2.4530294,0.0,2.0055714,4.913837,0.25494838,2.0270085,3.9316292,1.820427,4.0025682,0.03068699,1.9293885,3.172986,0.0,0.2726871,0.0,0.0,0.31339484,0.0,4.2382336,1.3935875,2.571076,2.1270885,4.0664377,0.0,0.0,0.10068302,0.0,3.6000974,3.6780863,4.6008496,0.3089673,ALO,4.0
0.0,3.2627769,0.0,1.7264074,5.480829,0.62242585,2.2459056,4.509772,2.040749,4.3604937,0.0,2.2916355,3.4301581,0.0,0.0,0.0,0.0,0.0,0.0,5.074437,1.0425894,2.9878771,2.4955893,4.0608745,0.0,0.0,0.0,0.0,4.0310955,4.0166492,4.944426,0.0,ALO,5.0
0.0,3.3200963,0.0,1.7724016,5.6771445,0.76416737,1.8502306,4.305345,2.197805,4.5652933,0.0,2.1759083,3.2394788,0.0,0.0,0.0,0.0,0.0,0.0,5.1108685,1.1047738,2.8527815,2.232065,4.1870522,0.0,0.0,0.0,0.0,4.067497,4.182114,5.0207505,0.0,ALO,6.0
0.0,2.9307396,0.0,1.5619458,5.0904303,0.6675597,2.025671,4.1698914,2.08143,4.066509,0.0,2.4241068,3.0103137,0.0,0.0,0.0,0.0,0.0,0.0,4.395157,1.0140859,2.4261632,2.4463427,3.4355009,0.0,0.0,0.0,0.0,3.4779227,3.8792195,4.279073,0.040154062,ALO,7.0
0.0,2.7912498,0.0,1.8546436,4.952209,0.46928188,2.0600317,4.1152105,2.0966454,3.9175968,0.22729665,2.2450867,2.983989,0.0,0.09623404,0.0,0.0,0.0,0.0,4.601613,1.182351,2.735009,2.1248538,3.9498284,0.0,0.0,0.0,0.0,3.8027189,3.710628,4.6371875,0.22475065,ALO,8.0
0.0,3.0254924,0.0,1.926962,5.5942593,0.684249,1.5529027,3.9433193,2.265661,4.575121,0.0,2.1154068,2.975272,0.0,0.0,0.0,0.0,0.0,0.0,4.654954,1.3254423,2.4781258,2.198585,3.9926674,0.0,0.0,0.0,0.0,3.756597,4.1624775,4.738928,0.26961812,ALO,9.0
0.0,2.4806077,0.0,2.6141226,5.2806334,0.2566085,0.9795241,3.1675558,2.3926873,4.4161654,0.30143315,1.6451198,2.4087985,0.0,0.29314643,0.0,0.0,0.32633343,0.0,4.5358114,2.0552225,2.5921547,1.8396304,4.609926,0.0,0.0,0.0,0.0,3.9238207,3.8887103,4.854118,0.92907655,ALO,10.0
0.0,2.3868906,0.0,2.4200444,5.346281,0.29444632,0.8555729,3.0503218,2.1902897,4.51038,0.0,1.4713688,2.4318814,0.0,0.11308223,0.0,0.0,0.56269664,0.0,4.210245,1.925933,2.250128,1.7640508,4.3499827,0.0,0.0,0.0,0.0,3.6236935,3.9259276,4.665608,0.79089695,ALO,11.0
0.0,2.6444373,0.0,1.8088373,5.035676,0.67220575,1.1038777,3.3196373,2.5086637,4.1325154,0.0,2.319153,2.086286,0.0,0.28161728,0.0,0.0,0.37944332,0.0,3.92809,1.4391303,1.847498,2.1647358,3.2457373,0.0,0.0,0.0,0.0,3.165287,3.9426188,3.858855,0.6849416,ALO,12.0
0.0,2.2457235,0.0,2.4393873,4.7684402,0.18774001,1.0685035,3.0335155,2.2344372,3.9385116,0.5296436,1.6479435,2.218538,0.0,0.4525434,0.0,0.0,0.23488496,0.0,4.284096,1.9023235,2.5480626,1.6882114,4.3450956,0.0,0.0,0.16464816,0.0,3.7278924,3.5211008,4.5633154,0.912946,ALO,13.0
0.0,2.6472852,0.0,2.5898194,5.543515,0.34191644,1.1109368,3.433739,2.4144957,4.6128564,0.2299255,1.7659438,2.6341732,0.0,0.19171038,0.0,0.0,0.28128967,0.0,4.7614393,2.0332017,2.6939712,1.9216996,4.7215514,0.0,0.0,0.0,0.0,4.075635,4.0610795,5.0577316,0.8552474,ALO,14.0
0.0,2.775597,0.0,1.7826356,5.133117,0.56228775,1.5337977,3.6995106,1.9545646,4.179192,0.0,1.7232053,2.90988,0.0,0.0,0.0,0.0,0.0,0.0,4.481515,1.1696467,2.4870439,1.7753611,4.0459,0.0,0.0,0.0,0.0,3.6811209,3.753893,4.6815743,0.16261165,ALO,16.0
0.0,2.505581,0.0,1.6368685,4.7033267,0.4381639,1.8587475,3.7648592,1.8087909,3.8226845,0.0,2.0334427,2.9441147,0.0,0.018308707,0.0,0.0,0.1602565,0.0,4.0272818,1.1207591,2.2902205,2.1669424,3.4823472,0.0,0.0,0.0,0.0,3.2643826,3.5507126,4.160319,0.11426426,ALO,17.0
0.0,2.7989905,0.0,1.70966,4.9525666,0.50250536,1.8415691,3.8643544,1.893589,3.9954028,0.0,1.9961625,3.0059423,0.0,0.0,0.0,0.0,0.0,0.0,4.503746,1.1706318,2.6392236,2.2338998,3.7636693,0.0,0.0,0.0,0.0,3.6069145,3.6313517,4.458793,0.010192776,ALO,18.0
0.0,2.6533086,0.0,1.7397436,4.701944,0.4128306,2.0520349,3.9583352,1.7567607,3.757116,0.08862621,1.9572991,3.1212368,0.0,0.0,0.0,0.0,0.0,0.0,4.476966,1.1192337,2.7753818,2.172837,3.8237934,0.0,0.0,0.0,0.0,3.6256082,3.4332228,4.4859567,0.009138998,ALO,19.0
0.0,2.7998757,0.0,1.6182387,4.856617,0.4960647,2.0660555,4.0389204,1.7921524,3.8711789,0.0,2.037411,3.1564603,0.0,0.0,0.0,0.0,0.0,0.0,4.532135,1.0005037,2.7226021,2.2152367,3.7281501,0.0,0.0,0.0,0.0,3.6237676,3.5527442,4.494244,0.0,ALO,20.0
0.0,2.60634,0.0,1.9592551,4.874261,0.38172868,1.7248273,3.7104025,1.9153752,3.9253495,0.13893335,1.8350179,2.9060218,0.0,0.0,0.0,0.0,0.0,0.0,4.4924498,1.3328526,2.7009454,2.0246267,4.0423503,0.0,0.0,0.0,0.0,3.709503,3.530706,4.584372,0.2576053,ALO,21.0
0.0,2.6336503,0.0,1.7054747,4.7921195,0.4557568,1.8211209,3.7522016,1.7711737,3.855724,0.0,1.8408185,2.9679742,0.0,0.0,0.0,0.0,0.0,0.0,4.3437805,1.0977457,2.5598962,2.0528266,3.7453551,0.0,0.0,0.0,0.0,3.515754,3.458487,4.3854723,0.059520748,ALO,22.0
0.0,2.9816217,0.0,1.7635331,5.2159176,0.58774066,1.862318,4.0232463,1.9017497,4.1754665,0.0,1.8554169,3.191657,0.0,0.0,0.0,0.0,0.0,0.0,4.815157,1.0316825,2.8213735,1.9591483,4.163405,0.0,0.0,0.0,0.0,3.9125726,3.7464209,4.8758407,0.0,ALO,23.0
0.0,3.042066,0.0,1.499233,5.1170917,0.69758123,2.1055062,4.2344522,1.9874784,4.022512,0.0,2.3409197,3.1337671,0.0,0.0,0.0,0.0,0.0,0.0,4.6439276,0.8676187,2.660823,2.3791494,3.5478115,0.0,0.0,0.0,0.0,3.6463518,3.7391114,4.4691978,0.0,ALO,24.0
0.0,3.0365555,0.0,1.4591445,5.152127,0.77386475,2.00436,4.191455,2.0808454,4.0803,0.0,2.4039707,3.0120463,0.0,0.0,0.0,0.0,0.0,0.0,4.4890766,0.84291965,2.440891,2.3035076,3.441601,0.0,0.0,0.0,0.0,3.52381,3.8721182,4.336142,0.0,ALO,25.0
0.0,3.143823,0.0,1.9016716,5.4830317,0.5493068,2.0234437,4.2575684,1.8751023,4.411308,0.0,1.8036666,3.4935203,0.0,0.0,0.0,0.0,0.0,0.0,5.198267,1.1583983,3.167842,2.0998244,4.5222645,0.0,0.0,0.0,0.0,4.2130566,3.8639429,5.2657804,0.0,ALO,26.0
0.0,2.806225,0.0,1.7182108,4.9538608,0.45134106,2.1918142,4.1614084,1.8065242,3.9499824,0.0,2.089076,3.256061,0.0,0.0,0.0,0.0,0.0,0.0,4.5878525,1.0837067,2.784839,2.317661,3.851501,0.0,0.0,0.0,0.0,3.704225,3.6175268,4.598008,0.0,ALO,27.0
0.0,3.0816035,0.0,1.8306767,5.3700185,0.5696483,1.9119525,4.140713,1.9901043,4.318377,0.0,1.9805809,3.236728,0.0,0.0,0.0,0.0,0.0,0.0,4.914646,1.1658854,2.884193,2.2018108,4.187731,0.0,0.0,0.0,0.0,3.9760637,3.9052815,4.9212675,0.0,ALO,28.0
0.0,2.9000566,0.0,1.7239563,5.098422,0.56321484,1.8379489,3.940527,1.9875395,4.0856624,0.0,2.0596404,2.947491,0.0,0.0,0.0,0.0,0.0,0.0,4.5576925,1.1597418,2.615136,2.2380536,3.7906606,0.0,0.0,0.0,0.0,3.6680608,3.7425516,4.4849014,0.07206393,ALO,29.0
0.0,2.7848573,0.0,1.564608,4.9777617,0.6422617,1.5718046,3.673027,1.938887,4.013945,0.0,1.9505622,2.7510748,0.0,0.0,0.0,0.0,0.0,0.0,4.2861443,1.0226732,2.3339007,1.9781406,3.5608156,0.0,0.0,0.0,0.0,3.4293997,3.658408,4.2872853,0.065207034,ALO,30.0
0.0,3.0556993,0.0,1.6712354,5.192575,0.64285773,1.9446945,4.1389866,2.058594,4.115486,0.0,2.1664567,3.1000974,0.0,0.0,0.0,0.0,0.0,0.0,4.861969,1.0189203,2.809326,2.1706975,3.909868,0.0,0.0,0.0,0.0,3.8637633,3.7775924,4.7445292,0.0,ALO,31.0
0.0,3.078816,0.0,1.1239606,4.9795885,0.9063378,2.0888264,4.269047,2.0855775,3.9808688,0.0,2.6702075,2.9916687,0.0,0.0,0.0,0.0,0.0,0.0,4.182187,0.65460664,2.117756,2.5817645,2.8185213,0.0,0.0,0.0,0.0,3.1367798,3.890512,3.9146574,0.0,ALO,32.0
0.0,3.149081,0.0,1.7062787,5.4440713,0.81131434,1.6639324,4.0205173,2.2269926,4.3812976,0.0,2.1945233,2.9552958,0.0,0.0,0.0,0.0,0.0,0.0,4.796521,1.0708541,2.5944924,2.2013154,3.8285682,0.0,0.0,0.0,0.0,3.8032467,3.9907658,4.689688,0.04031372,ALO,33.0
0.0,2.931142,0.0,1.6302929,5.18942,0.7083837,1.6263666,3.8288004,2.088832,4.1735144,0.0,2.0885718,2.8341136,0.0,0.0,0.0,0.0,0.0,0.0,4.489929,1.0570741,2.4229004,2.0781164,3.6520956,0.0,0.0,0.0,0.0,3.571024,3.814349,4.4387355,0.081512965,ALO,34.0
0.0,2.9605026,0.0,1.7085443,5.1690216,0.63636285,1.7459024,3.952275,1.9757884,4.1562743,0.0,1.9145721,3.0461442,0.0,0.0,0.0,0.0,0.0,0.0,4.7134266,1.0581384,2.697355,1.901883,4.07132,0.0,0.0,0.0,0.0,3.831124,3.7847757,4.7559824,0.0026928924,ALO,36.0
0.0,2.6263185,0.0,1.515848,4.693918,0.66752315,1.7668314,3.7682354,2.2058792,3.7227046,0.0,2.4634774,2.4831183,0.0,0.27444342,0.0,0.0,0.15461281,0.0,3.9371297,0.98990184,2.0539947,2.0519638,3.1613345,0.0,0.0,0.09092048,0.0,3.175427,3.7101274,3.9023216,0.34929338,ALO,37.0
0.0,2.7517555,0.0,1.691664,4.839397,0.6914781,1.684182,3.7655153,2.3805676,3.8708522,0.061587214,2.512855,2.4221697,0.0,0.237764,0.0,0.0,0.034944583,0.0,4.161248,1.1676741,2.209153,2.2304626,3.2885454,0.0,0.0,0.08240322,0.0,3.3416035,3.7920532,4.01618,0.4396882,ALO,38.0
0.0,2.944682,0.0,1.5914211,5.09566,0.71730804,1.7336287,3.905747,2.0030112,4.078946,0.0,2.0849512,2.9268138,0.0,0.0,0.0,0.0,0.0,0.0,4.528821,0.94607157,2.506401,2.0800095,3.6572516,0.0,0.0,0.0,0.0,3.5907218,3.7438803,4.456104,0.0,ALO,39.0
0.0,2.884953,0.0,1.8355665,5.1494346,0.51757854,1.8531313,3.9710548,1.968282,4.1442537,0.0,1.9797128,3.0847442,0.0,0.0,0.0,0.0,0.0,0.0,4.7016315,1.1947476,2.7486694,2.1263845,4.0293694,0.0,0.0,0.0,0.0,3.8094623,3.7486434,4.726605,0.06470268,ALO,40.0
0.0,2.8385293,0.0,1.7487578,5.1081767,0.5959689,1.6517125,3.7882833,1.8697453,4.1170845,0.0,1.7819643,3.0235112,0.0,0.0,0.0,0.0,0.0,0.0,4.60841,1.0650449,2.6423407,1.9155294,3.9721525,0.0,0.0,0.0,0.0,3.7300057,3.6417632,4.6805544,0.0049998653,ALO,42.0
0.0,3.0822513,0.0,1.7417006,5.278075,0.7238661,1.691157,3.9842627,2.1822104,4.2463565,0.0,2.1464856,2.917279,0.0,0.0,0.0,0.0,0.0,0.0,4.8088093,1.094632,2.6818275,2.0850391,3.9117854,0.0,0.0,0.0,0.0,3.836754,3.9051695,4.7076464,0.062949724,ALO,43.0
0.0,2.9422543,0.0,1.4683166,5.0632267,0.8524519,1.5885252,3.7885764,2.279152,4.037958,0.0,2.4185488,2.528849,0.0,0.0,0.0,0.0,0.0,0.0,4.2533255,0.9445066,2.1489177,2.2284124,3.1729126,0.0,0.0,0.0,0.0,3.3281226,3.8298023,4.053931,0.17293859,ALO,44.0
0.0,3.2167108,0.0,1.4665821,5.39751,0.93953335,1.9530506,4.3366623,2.5400221,4.3181233,0.0,2.96233,2.8288221,0.0,0.03713447,0.0,0.0,0.10209102,0.0,4.3930187,1.0135381,2.1584797,2.7035108,3.1123533,0.0,0.0,0.0,0.0,3.374444,4.3032184,4.1112094,0.20277795,ALO,45.0
0.0,2.9611328,0.0,1.5739783,5.1117,0.76816297,1.6096885,3.8155103,2.150193,4.105727,0.0,2.196543,2.7517865,0.0,0.0,0.0,0.0,0.0,0.0,4.4675484,1.0101486,2.3797581,2.1478066,3.4882495,0.0,0.0,0.0,0.0,3.5133998,3.7786129,4.316802,0.09100279,ALO,46.0
0.0,3.3461685,0.0,1.3845371,5.3762164,0.91094416,2.064633,4.401998,2.1941392,4.292814,0.0,2.5745628,3.1127434,0.0,0.0,0.0,0.0,0.0,0.0,4.707717,0.82380307,2.520074,2.5830388,3.3704572,0.0,0.0,0.0,0.0,3.601978,4.093074,4.3689885,0.0,ALO,47.0
0.0,2.6594536,0.0,1.7807305,4.694918,0.50980526,1.6848176,3.6671996,1.9288796,3.7908626,0.12220214,1.9231112,2.7714913,0.0,0.0,0.0,0.0,0.0,0.0,4.3979445,1.145458,2.5812595,1.9300426,3.7648647,0.0,0.0,0.0,0.0,3.5884175,3.4512625,4.388699,0.16638918,ALO,48.0
0.0,2.9737134,0.0,1.873664,5.2760296,0.61382675,1.6402763,3.8851678,2.0837026,4.2728105,0.0,1.9429301,2.9589057,0.0,0.0,0.0,0.0,0.0,0.0,4.830579,1.2363652,2.759356,2.0781178,4.0873175,0.0,0.0,0.0,0.0,3.9078743,3.8046932,4.7935324,0.11546433,ALO,49.0
0.0,3.2198756,0.0,1.7187722,5.382981,0.8075533,1.8023624,4.1712594,2.2954776,4.265264,0.0,2.370623,2.9648893,0.0,0.0,0.0,0.0,0.0,0.0,4.9858084,1.0263015,2.7923403,2.2537286,3.854368,0.0,0.0,0.0,0.0,3.941474,3.9327736,4.760748,0.049228664,ALO,50.0
0.0,3.079708,0.0,1.7324079,5.245716,0.7250824,1.8022894,4.0670543,2.2119906,4.204267,0.0,2.2868583,2.93633,0.0,0.0,0.0,0.0,0.0,0.0,4.79126,1.0987306,2.6877592,2.243973,3.7947674,0.0,0.0,0.0,0.0,3.800955,3.8834972,4.621502,0.08452455,ALO,51.0
0.0,2.914543,0.0,1.8498783,5.076354,0.5134525,1.9072198,4.014486,2.012049,4.056432,0.07135761,2.0658286,3.054862,0.0,0.0,0.0,0.0,0.0,0.0,4.8118277,1.197632,2.8815677,2.2202652,4.016911,0.0,0.0,0.0,0.0,3.8764303,3.6693723,4.7366295,0.04951017,ALO,52.0
0.0,3.128989,0.0,1.75074,5.2626896,0.70617414,1.8437082,4.095893,2.1865172,4.198741,0.0,2.225707,2.9927106,0.0,0.0,0.0,0.0,0.0,0.0,4.9408817,1.0974412,2.834467,2.2134979,3.9260736,0.0,0.0,0.0,0.0,3.9252589,3.847163,4.754778,0.011695966,ALO,53.0
0.0,2.7086027,0.0,1.9508228,4.8167458,0.44361478,1.7602919,3.773691,2.0454946,3.8289824,0.3857801,1.9550686,2.7849808,0.0,0.0,0.0,0.0,0.0,0.0,4.7234087,1.2626657,2.8844066,1.9213505,4.1300187,0.0,0.0,0.0,0.0,3.9074867,3.4819841,4.6869574,0.2464869,ALO,54.0
0.0,2.443704,0.0,1.6371706,4.438226,0.3314028,2.019655,3.7348375,1.6040906,3.5444226,0.00405607,1.8801911,2.9548376,0.0,0.0,0.0,0.0,0.0,0.0,4.118457,1.0494623,2.5430756,2.1651611,3.522743,0.0,0.0,0.0,0.0,3.3361547,3.2250495,4.143367,0.0,ALO,55.0
0.0,2.833014,0.0,1.8173261,4.9231052,0.5461231,1.7841427,3.8508427,2.0329976,3.9290123,0.1497294,2.0461853,2.8358686,0.0,0.0,0.0,0.0,0.0,0.0,4.719658,1.173221,2.8048406,2.0816605,3.9132624,0.0,0.0,0.0,0.0,3.8059244,3.5610504,4.5994225,0.122151665,ALO,56.0
0.0,2.951095,0.0,1.6931813,5.023157,0.5768866,1.9916475,4.074414,1.9517531,3.9915123,0.0,2.1237123,3.0513692,0.0,0.0,0.0,0.0,0.0,0.0,4.730461,1.015794,2.812961,2.1977384,3.8403609,0.0,0.0,0.0,0.0,3.782595,3.6547883,4.6148214,0.0,ALO,57.0
0.0,2.9289668,0.0,1.4291852,4.6981483,1.2745887,1.1318461,3.6014373,4.1422534,3.7546926,0.14418164,4.6699233,0.5436548,0.0,2.2386918,0.0,0.0,1.4547282,0.0,2.9514894,1.4953154,0.62220573,3.1623158,1.2295786,0.0,0.0,1.9842908,0.0,2.218367,4.7753243,2.0772302,1.8312519,HAM,1.0
0.0,3.7353826,0.0,0.12829265,5.03816,2.0582335,1.698023,4.5391793,4.0270486,3.933214,0.0,5.5716834,1.0376132,0.0,1.3046526,0.0,0.0,1.1689512,0.0,2.710439,0.3125691,0.0,3.8977618,0.0,0.0,0.0,1.1746631,0.0,1.4966918,5.2516227,1.2563426,0.8196056,HAM,2.0
0.0,4.307016,0.0,0.0,5.373854,2.3650062,2.48162,5.4602942,4.080289,4.0688467,0.0,6.206437,1.5728846,0.0,1.0988358,0.0,0.0,0.8292771,0.0,3.1442332,0.0,0.19408126,4.2350135,0.0,0.0,0.0,0.9369599,0.0,1.6870592,5.618681,1.4575866,0.32461008,HAM,3.0
0.0,4.573675,0.0,0.0,5.7163987,2.5614884,2.2238948,5.5011773,4.5155015,4.3708477,0.0,6.608143,1.2740529,0.0,1.1716256,0.0,0.0,0.93818814,0.0,3.2092736,0.0,0.0,4.516204,0.0,0.0,0.0,0.95893306,0.0,1.6685226,5.985907,1.3044434,0.5424348,HAM,4.0
0.0,4.2469654,0.0,0.0,5.405388,2.288327,2.1679974,5.18151,4.0113926,4.161839,0.0,5.813176,1.5215365,0.0,0.86583495,0.0,0.0,0.7241889,0.0,3.2562237,0.0,0.2715144,4.0237985,0.0,0.0,0.0,0.66709536,0.0,1.8304677,5.492293,1.6400521,0.37321025,HAM,5.0
0.0,3.803433,0.0,0.19657071,5.228756,2.0386543,1.5957526,4.5178795,4.056419,4.1670003,0.0,5.491667,1.0927346,0.0,1.1855202,0.0,0.0,1.237236,0.0,2.7829025,0.47982427,0.0,4.094336,0.0,0.0,0.0,0.9906802,0.0,1.5099083,5.3710327,1.314198,0.8007681,HAM,6.0
0.0,4.0297956,0.0,0.2033793,5.384924,2.077127,1.9268897,4.874492,3.9432874,4.1679845,0.0,5.3790255,1.4697037,0.0,0.8511447,0.0,0.0,0.6276064,0.0,3.3968298,0.20554401,0.503579,3.731108,0.30154073,0.0,0.0,0.7035698,0.0,2.0626504,5.2960434,1.9531983,0.57067835,HAM,7.0
0.0,4.055259,0.0,0.014100872,5.4136615,2.211932,1.7747716,4.762081,4.121304,4.2167015,0.0,5.6986313,1.1559405,0.0,1.002858,0.0,0.0,0.9416393,0.0,3.0067239,0.20260362,0.031448167,4.0126295,0.0,0.0,0.0,0.7763973,0.0,1.6694552,5.466317,1.4506974,0.64921284,HAM,8.0
0.0,3.8180075,0.0,0.4621669,5.271552,1.8833079,1.7592317,4.5522313,3.703439,4.06564,0.0,4.8694096,1.4726574,0.0,0.6449441,0.0,0.0,0.3153498,0.0,3.6205082,0.34201112,0.845989,3.3977869,0.84301937,0.0,0.0,0.4517981,0.0,2.3511684,4.944109,2.3533561,0.52836686,HAM,9.0
0.0,4.253591,0.0,0.2407741,5.6796064,2.0892663,1.9650778,5.012993,3.8273273,4.4285307,0.0,5.2129264,1.7435206,0.0,0.3888431,0.0,0.0,0.28349838,0.0,3.774663,0.21796054,0.7714235,3.873351,0.5473694,0.0,0.0,0.1985462,0.0,2.314948,5.3631635,2.2904124,0.30780575,HAM,10.0
0.0,3.5684915,0.0,0.2548777,4.9177313,1.847251,1.5997002,4.266834,3.6155083,3.8747208,0.0,4.9153485,1.1968641,0.0,0.9001583,0.0,0.0,0.81323516,0.0,2.9467273,0.37423334,0.30378348,3.5618744,0.17177045,0.0,0.0,0.7095314,0.0,1.7517172,4.867724,1.621433,0.6207039,HAM,11.0
0.0,3.8754854,0.0,0.1452205,5.144682,1.9823169,2.189106,4.934255,3.657383,3.9327664,0.0,5.336706,1.6437647,0.0,0.895221,0.0,0.0,0.6273031,0.0,3.2644997,0.09691473,0.5771899,3.8113694,0.2288656,0.0,0.0,0.8089614,0.0,1.9603393,5.1012363,1.859558,0.40074486,HAM,14.0
0.0,4.0663905,0.0,0.15730375,5.309332,2.1476424,2.1721823,5.0712943,4.0061135,4.012452,0.0,5.680236,1.4573301,0.0,1.0379021,0.0,0.0,0.5644169,0.0,3.4497464,0.07173561,0.58687645,3.7738078,0.24933527,0.0,0.0,0.9073915,0.0,2.1176505,5.317996,1.9265227,0.55319315,HAM,15.0
0.0,4.2842226,0.0,0.0,5.070818,2.419266,2.8232627,5.6503606,3.8345873,3.683523,0.0,6.2685714,1.6989126,0.0,0.9964669,0.0,0.0,0.4905933,0.0,3.1979027,0.0,0.35189772,3.9986224,0.0,0.0,0.0,0.8883883,0.0,1.6973252,5.3352623,1.4591886,0.05790407,HAM,16.0
0.0,3.847525,0.0,0.0,4.917316,1.9553562,2.2270691,4.876967,3.4131525,3.7496636,0.0,5.109074,1.7023128,0.0,0.62957084,0.0,0.0,0.47865734,0.0,3.194754,0.0,0.5739019,3.6489472,0.13819769,0.0,0.0,0.5099671,0.0,1.8670816,4.8870287,1.7966144,0.15244274,HAM,17.0
0.0,3.9993787,0.0,0.0,5.071242,2.095123,2.2191262,4.9957414,3.6080945,3.8507671,0.0,5.3336234,1.6125247,0.0,0.7102901,0.0,0.0,0.4803731,0.0,3.254513,0.0,0.48976266,3.6519194,0.07417679,0.0,0.0,0.5374081,0.0,1.8948101,5.0874195,1.786155,0.22243157,HAM,18.0
0.0,3.6619992,0.0,0.0,4.6808624,1.9645617,2.0503273,4.6374564,3.446127,3.5924401,0.0,5.19349,1.427396,0.0,0.8389975,0.0,0.0,0.71508837,0.0,2.8123777,0.0,0.24667202,3.6639931,0.0,0.0,0.0,0.69980025,0.0,1.5410197,4.7855325,1.4083276,0.27633467,HAM,19.0
0.0,3.7114797,0.0,0.0,4.7074313,2.0000792,2.1471767,4.710631,3.390576,3.5427284,0.0,5.095128,1.5109445,0.0,0.7389128,0.0,0.0,0.49026054,0.0,2.9406247,0.0,0.38603935,3.416504,0.0,0.0,0.0,0.6078143,0.0,1.6789052,4.7584205,1.5815153,0.20223258,HAM,20.0
0.0,3.7555885,0.0,0.0,4.8362064,1.9567198,2.023479,4.634816,3.3669558,3.662246,0.0,4.8834667,1.5385721,0.0,0.48358905,0.0,0.0,0.22489518,0.0,3.2096138,0.0,0.61096025,3.3797865,0.22288516,0.0,0.0,0.37372047,0.0,1.917468,4.716822,1.8562218,0.169662,HAM,21.0
0.0,3.292315,0.0,0.2039759,4.5324764,1.5692351,2.0343094,4.326893,2.8907204,3.4699857,0.0,4.229633,1.7966374,0.0,0.49430662,0.0,0.0,0.36523426,0.0,3.089609,0.055479955,0.8161805,3.0617316,0.6967308,0.0,0.0,0.42151874,0.0,1.9642934,4.2882237,2.1075513,0.14758247,HAM,22.0
0.0,3.9472733,0.0,0.0,5.0196204,2.0639737,2.1771824,4.8797164,3.4400012,3.7797303,0.0,5.0391564,1.7174536,0.0,0.3744329,0.0,0.0,0.10125355,0.0,3.4315171,0.0,0.73708814,3.4588995,0.28588483,0.0,0.0,0.29510698,0.0,2.0473077,4.8350286,2.0217152,0.07014613,HAM,23.0
0.0,3.7009628,0.0,0.13332713,4.932638,1.8551657,2.050366,4.663131,3.2844908,3.7726552,0.0,4.671333,1.7675825,0.0,0.4876367,0.0,0.0,0.29458013,0.0,3.3022485,0.0,0.7373772,3.303661,0.5376767,0.0,0.0,0.37436175,0.0,2.039477,4.7309804,2.1086843,0.18507046,HAM,24.0
0.0,3.923256,0.0,0.12858692,5.2063074,1.9864283,1.8773904,4.6802135,3.4833179,4.0490456,0.0,4.789512,1.6719918,0.0,0.32553568,0.0,0.0,0.27250466,0.0,3.43905,0.03028861,0.66349703,3.4320369,0.5104174,0.0,0.0,0.14868996,0.0,2.101887,4.9799843,2.1198864,0.20126146,HAM,25.0
0.0,3.7367227,0.0,0.073734894,4.9848437,1.8351666,2.051113,4.66547,3.277485,3.8475044,0.0,4.6866717,1.8161329,0.0,0.40143126,0.0,0.0,0.36619082,0.0,3.26343,0.033768956,0.6791719,3.4914799,0.4220413,0.0,0.0,0.3164158,0.0,1.9693941,4.747568,2.0348608,0.16001523,HAM,26.0
0.0,4.042368,0.0,0.11816217,5.367422,2.0542357,1.9945027,4.8583584,3.5507421,4.0931535,0.0,4.931092,1.7420502,0.0,0.30863217,0.0,0.0,0.10916409,0.0,3.6649013,0.0,0.8183808,3.360407,0.6724806,0.0,0.0,0.14045314,0.0,2.3032162,5.0459213,2.3305876,0.18689948,HAM,27.0
0.0,3.5891936,0.0,0.20566574,4.973758,1.7743376,1.8324647,4.4128685,3.2039135,3.8253238,0.0,4.436927,1.6885679,0.0,0.35196653,0.0,0.0,0.3057628,0.0,3.293677,0.06815939,0.74333954,3.1311855,0.71221775,0.0,0.0,0.21733929,0.0,2.0916193,4.6387067,2.2126112,0.21830404,HAM,28.0
0.0,3.349554,0.0,0.783453,5.1040964,1.5010518,1.5171121,4.0951533,3.3509128,4.0477304,0.0,4.1487737,1.5801568,0.0,0.69228685,0.0,0.0,0.64889246,0.0,3.3210106,0.69625527,0.84358793,3.1019437,1.2247621,0.0,0.0,0.53725666,0.0,2.2732558,4.678996,2.466716,0.6811341,HAM,29.0
0.0,3.5610738,0.0,1.0033684,5.6370354,1.6153032,1.2517247,4.1125402,3.737318,4.58026,0.0,4.3624516,1.4770398,0.0,0.7786262,0.0,0.0,0.9468582,0.0,3.4511049,1.0291703,0.699762,3.4253423,1.266515,0.0,0.0,0.49042848,0.0,2.3537264,5.189984,2.548036,0.9077562,HAM,30.0
0.0,3.6358314,0.0,0.043152973,4.839833,1.9340689,2.0228276,4.6317306,3.4000807,3.6866205,0.0,4.961556,1.5317928,0.0,0.76715124,0.0,0.0,0.53107834,0.0,3.0881326,0.0,0.51902634,3.3818023,0.2811982,0.0,0.0,0.64727056,0.0,1.8487657,4.775749,1.8077346,0.31267616,HAM,32.0
0.0,4.3457255,0.0,0.0,5.244355,2.3725126,2.762555,5.6252694,3.667568,3.830145,0.0,5.8041716,1.9424751,0.0,0.6019529,0.0,0.0,0.11296145,0.0,3.6249897,0.0,0.7503167,3.6739974,0.05711566,0.0,0.0,0.52672464,0.0,2.102833,5.2631545,1.983246,0.0,HAM,33.0
0.0,4.0579524,0.0,0.0,4.890512,2.1735895,2.7152843,5.3726516,3.4962919,3.563368,0.0,5.6474814,1.7912395,0.0,0.7422547,0.0,0.0,0.17398092,0.0,3.3514447,0.0,0.6800005,3.7275178,0.0,0.0,0.0,0.6732811,0.0,1.9123592,4.934619,1.7442749,0.0,HAM,34.0
0.0,4.557219,0.0,0.0,5.616694,2.4627976,2.493641,5.59669,3.9253638,4.199595,0.0,5.900412,1.8504406,0.0,0.42680752,0.0,0.0,0.13199629,0.0,3.7342606,0.0,0.64828455,3.9762082,0.0,0.0,0.0,0.35222048,0.0,2.1412325,5.514018,2.0060031,0.031229787,HAM,35.0
0.0,3.9147968,0.0,0.2242495,5.1293917,1.9964609,1.9641579,4.7266903,3.7236655,3.8924694,0.0,5.100315,1.4448543,0.0,0.71230406,0.0,0.0,0.29587704,0.0,3.4964104,0.09990837,0.75757194,3.4301388,0.53766286,0.0,0.0,0.57853854,0.0,2.2157986,4.9556518,2.1198623,0.45443723,HAM,36.0
0.0,3.3301914,0.0,0.8828849,4.9800224,1.4596049,1.524053,4.03438,3.1922803,3.8942227,0.0,3.828172,1.6891232,0.0,0.4441179,0.0,0.0,0.20873362,0.0,3.64492,0.5929843,1.219862,2.7260818,1.6821882,0.0,0.0,0.32204333,0.0,2.594489,4.424066,2.8429093,0.55675507,HAM,37.0
0.0,3.5092068,0.0,0.7855591,5.0731363,1.6553646,1.6574693,4.296375,3.6208286,3.9027774,0.0,4.5573516,1.3964262,0.0,0.93167526,0.0,0.0,0.41656482,0.0,3.58603,0.56900185,1.0101564,3.0451164,1.2734478,0.0,0.0,0.7769528,0.0,2.4960575,4.7160335,2.549363,0.7931399,HAM,38.0
0.0,3.3494773,0.0,0.84356564,4.838722,1.4907163,1.6933557,4.185373,3.4276168,3.71606,0.0,4.283543,1.439506,0.0,0.8184585,0.0,0.0,0.24607685,0.0,3.589539,0.5884566,1.1684222,2.9901366,1.3749522,0.0,0.0,0.7417693,0.0,2.501676,4.456223,2.579788,0.7287752,HAM,39.0
0.0,3.70971,0.0,0.21989973,5.0538783,1.8559082,1.955602,4.6171255,3.50637,3.887361,0.0,4.8995194,1.6031231,0.0,0.676636,0.0,0.0,0.49699917,0.0,3.2613766,0.15343995,0.6400018,3.562878,0.42523903,0.0,0.0,0.5512143,0.0,1.9902498,4.859722,2.0221236,0.36746076,HAM,40.0
0.0,4.2856865,0.0,0.0,5.436218,2.320479,2.071524,5.0891194,3.9753973,4.141557,0.0,5.698585,1.4470589,0.0,0.5948655,0.0,0.0,0.44261673,0.0,3.3588324,0.0,0.3724055,3.944972,0.0,0.0,0.0,0.50134087,0.0,1.8980175,5.3923445,1.7166965,0.3097998,HAM,42.0
0.0,3.9821424,0.0,0.007722674,5.249679,2.0985441,1.9265834,4.77293,3.5784373,4.02796,0.0,5.025721,1.6054503,0.0,0.4015215,0.0,0.0,0.2889235,0.0,3.3863418,0.0,0.5574981,3.4804535,0.3025377,0.0,0.0,0.22624005,0.0,2.039137,5.039715,2.0079105,0.2376907,HAM,43.0
0.0,3.9137478,0.0,0.016010813,5.1550784,2.0339205,2.0238464,4.7888756,3.5087748,3.974049,0.0,4.996257,1.6753662,0.0,0.4365187,0.0,0.0,0.3489972,0.0,3.3059592,0.0,0.56845397,3.60277,0.23861018,0.0,0.0,0.33335793,0.0,1.948541,4.9753456,1.9331397,0.19413862,HAM,44.0
0.0,4.1743126,0.0,0.11496968,5.47359,2.1940675,1.7825212,4.7745123,3.8342347,4.228015,0.0,5.1349115,1.4858403,0.0,0.36442634,0.0,0.0,0.2404409,0.0,3.5941436,0.019073427,0.6071457,3.5517774,0.42545235,0.0,0.0,0.18625191,0.0,2.1815174,5.230406,2.1136625,0.32811677,HAM,45.0
0.0,4.0916424,0.0,0.14224628,5.514749,2.151152,1.8157097,4.821009,3.9782226,4.296433,0.0,5.400364,1.4046807,0.0,0.7335684,0.0,0.0,0.6610198,0.0,3.3088663,0.16656822,0.35021353,3.82096,0.13764861,0.0,0.0,0.5313194,0.0,1.9448367,5.4075685,1.8561318,0.51837116,HAM,46.0
0.0,3.4611993,0.0,0.6395433,4.9927406,1.7319754,1.4847612,4.1403594,3.8075235,3.8707132,0.0,4.838022,1.0669217,0.0,1.1129874,0.0,0.0,0.7396114,0.0,3.1371813,0.5596894,0.54337466,3.2920258,0.6575946,0.0,0.0,0.94057566,0.0,2.0486343,4.8560615,2.0013125,0.9032069,HAM,47.0
0.0,3.3867645,0.0,0.49746066,4.8337755,1.6708844,1.6105309,4.1236672,3.4438722,3.745698,0.0,4.536412,1.2728165,0.0,0.7831782,0.0,0.0,0.5056761,0.0,3.1260529,0.40011322,0.65812254,3.2259173,0.6602279,0.0,0.0,0.6503913,0.0,2.0181901,4.5734134,2.0054626,0.6155774,HAM,48.0
0.0,4.1441417,0.0,0.0,5.4379783,2.1747808,2.050882,5.000381,4.007736,4.219546,0.0,5.7469177,1.4415826,0.0,0.8437488,0.0,0.0,0.7858567,0.0,3.1506634,0.11118934,0.23385121,4.167087,0.0,0.0,0.0,0.651701,0.0,1.7304937,5.4587407,1.5811383,0.42641655,HAM,49.0
0.0,4.0118866,0.0,0.33491278,5.5580683,1.9692253,1.8266367,4.7516932,3.6821845,4.3569613,0.0,4.931435,1.699832,0.0,0.4454455,0.0,0.0,0.50494313,0.0,3.5041122,0.273002,0.6417206,3.6602685,0.59422404,0.0,0.0,0.26545453,0.0,2.161858,5.230022,2.23168,0.37122646,HAM,50.0
0.0,3.985169,0.0,0.18334948,5.401065,2.0025988,1.9288291,4.7578526,3.4426103,4.1595807,0.0,4.702416,1.8285357,0.0,0.14755172,0.0,0.0,0.08342419,0.0,3.6797311,0.0,0.840719,3.347057,0.7683019,0.0,0.0,0.0,0.0,2.3146193,4.9649944,2.4253237,0.12715505,HAM,51.0
0.0,3.880694,0.0,0.28922826,5.3861837,1.899144,1.8842648,4.6591806,3.3551219,4.1833315,0.0,4.5202546,1.891042,0.0,0.1363733,0.0,0.0,0.14689662,0.0,3.629869,0.09687796,0.8680972,3.3558235,0.85488135,0.0,0.0,0.0,0.0,2.2963738,4.898614,2.4758997,0.1368441,HAM,52.0
0.0,4.439836,0.0,0.0,5.7215424,2.2598321,2.310099,5.351729,3.6719258,4.3500338,0.0,5.332894,2.0282695,0.0,0.09222024,0.0,0.0,0.0,0.0,3.914913,0.0,0.877735,3.7654142,0.47563338,0.0,0.0,0.0,0.0,2.3627465,5.3611712,2.4131565,0.0,HAM,53.0
0.0,4.134644,0.0,0.0,5.3801694,2.1712866,1.9995168,4.892104,3.6331537,4.1052485,0.0,5.155836,1.6451164,0.0,0.2440534,0.0,0.0,0.14313768,0.0,3.5102632,0.0,0.6009868,3.6349685,0.20365557,0.0,0.0,0.09425703,0.0,2.0706515,5.103418,2.032651,0.11938959,HAM,54.0
0.0,4.1481543,0.0,0.060590006,5.5436053,2.1556704,1.9439497,4.925353,3.9316318,4.3116484,0.0,5.435004,1.5368445,0.0,0.63551426,0.0,0.0,0.6003211,0.0,3.351679,0.12362831,0.39936894,3.933497,0.080759406,0.0,0.0,0.42925498,0.0,1.953512,5.410116,1.8846017,0.40449193,HAM,55.0
0.0,3.9451852,0.0,0.33512694,5.4818335,1.8664461,1.8781265,4.6738586,3.3514023,4.2750545,0.0,4.487132,1.9424161,0.0,0.05902473,0.0,0.0,0.11550466,0.0,3.7874806,0.18692632,0.99539787,3.318063,1.0391141,0.0,0.0,0.0,0.0,2.443634,4.9475317,2.6450548,0.11239818,HAM,56.0
0.0,3.5559282,0.0,0.59295505,5.10381,1.7087893,1.417294,4.1173205,3.5883007,4.007251,0.0,4.455368,1.2762458,0.0,0.6655537,0.0,0.0,0.4340311,0.0,3.396428,0.5257133,0.7068625,3.1469321,0.90727055,0.0,0.0,0.38415354,0.0,2.241448,4.7858605,2.269636,0.6744711,HAM,57.0
0.0,0.14878632,0.0,2.8001206,2.7804306,0.0,0.0,0.61148906,2.3859687,2.5646014,1.0266846,1.2905809,0.0,0.0,3.0641615,0.0,0.0,2.815305,0.0,1.152895,2.6936252,0.3434114,0.7746515,2.8084867,0.0,0.0,2.667899,0.0,1.6042653,2.677469,2.1057746,2.7684734,LEC,1.0
0.0,0.007917255,0.0,2.2532573,2.2905724,0.0,0.0,0.7382171,1.5553546,2.1365535,0.6869597,0.90122837,0.4867378,0.0,2.3969386,0.0,0.0,2.4165723,0.0,0.94196093,2.0796175,0.3856697,0.68397444,2.4971306,0.0,0.0,2.1449547,0.0,1.3228111,2.1151466,1.9361784,1.9875376,LEC,2.0
0.0,0.11195795,0.0,2.3327417,2.5775306,0.0,0.0,0.7890765,1.5834509,2.4213235,0.54110265,0.813677,0.62067837,0.0,2.2058787,0.0,0.0,2.3570423,0.0,1.1479037,2.1805918,0.45302707,0.7859076,2.6683986,0.0,0.0,1.8831296,0.0,1.4638536,2.2450104,2.1639378,1.9354097,LEC,3.0
0.0,0.5872272,0.0,2.1891208,3.1128666,0.0,0.0,1.0917684,2.0924456,2.8633375,0.16324748,1.4086235,0.45706317,0.0,2.2369592,0.0,0.0,2.5627546,0.0,1.1971337,2.1491072,0.1383934,1.1273015,2.309868,0.0,0.0,1.8624519,0.0,1.3905703,2.9151585,1.9724406,2.0390153,LEC,4.0
0.0,0.056285832,0.0,2.8573596,3.0567896,0.0,0.0,0.52032155,2.0446873,2.882193,0.6397464,0.80674636,0.28341025,0.0,2.697389,0.0,0.0,2.9756875,0.0,1.1315825,2.7366161,0.25825644,0.64437586,3.0948448,0.0,0.0,2.261511,0.0,1.5955167,2.7096043,2.386106,2.5548468,LEC,5.0
0.0,0.3808908,0.0,2.2842655,2.9433143,0.0,0.0,0.822619,2.022056,2.7543144,0.27248156,1.2234038,0.3247173,0.0,2.2831905,0.0,0.0,2.6004794,0.0,1.0633368,2.2339392,0.100549474,1.022733,2.349356,0.0,0.0,1.9377745,0.0,1.3173838,2.7177541,1.9128839,2.1306186,LEC,6.0
0.0,0.8907193,0.0,2.0462005,3.3630655,0.08947289,0.0,1.1483132,2.3108606,3.036864,0.01978656,1.5862588,0.31857017,0.0,1.9558746,0.0,0.0,2.3113146,0.0,1.3800851,2.03978,0.08189079,1.2257155,2.1600301,0.0,0.0,1.5402411,0.0,1.4575485,3.0968077,1.954662,1.9800158,LEC,7.0
0.0,0.5292103,0.0,2.4541974,3.4260676,0.0,0.0,0.8585994,2.194257,3.2134326,0.036926925,1.1932116,0.39449,0.0,2.2022552,0.0,0.0,2.7591603,0.0,1.2464145,2.4916055,0.087223396,1.1819367,2.540825,0.0,0.0,1.7743824,0.0,1.4458227,3.0623853,2.1490927,2.2480276,LEC,8.0
0.0,0.4926021,0.0,2.4706626,3.2475708,0.0,0.0,0.7724555,2.3495073,3.0444467,0.22788258,1.3977305,0.13246194,0.0,2.3677523,0.0,0.0,2.7106473,0.0,1.1800151,2.525211,0.06862466,1.2286414,2.3783777,0.0,0.0,1.9817305,0.0,1.3988408,2.979876,1.9567795,2.3553534,LEC,9.0
0.0,0.7195476,0.0,1.8945798,3.005609,0.028563838,0.0,1.100778,2.1175673,2.7543333,0.013814703,1.5655599,0.3440356,0.0,2.0273237,0.0,0.0,2.315833,0.0,1.1274862,1.9239376,0.0013778657,1.2637999,1.903493,0.0,0.0,1.6698774,0.0,1.2110354,2.8371265,1.6871775,1.8577366,LEC,10.0
0.0,0.5035986,0.0,2.4499903,3.2705636,0.0,0.0,0.8555533,2.1777194,3.0540714,0.2320999,1.1821421,0.35486928,0.0,2.268738,0.0,0.0,2.6473446,0.0,1.2641408,2.394867,0.14503254,1.0244064,2.6211386,0.0,0.0,1.8277055,0.0,1.5191753,2.9478137,2.1727097,2.2396274,LEC,11.0
0.0,0.6240484,0.0,2.1179163,3.1771884,0.0,0.0,1.0065602,2.2105622,2.918888,0.038271196,1.5113707,0.30466932,0.0,2.1694584,0.0,0.0,2.5297692,0.0,1.1332246,2.1348011,0.0,1.2557907,2.0766804,0.0,0.0,1.7982504,0.0,1.2783246,2.9585402,1.8262447,2.052197,LEC,12.0
0.0,0.37716207,0.0,2.7098596,3.228164,0.0,0.0,0.64472795,2.1603386,2.9748492,0.56206137,0.93359864,0.23235875,0.0,2.2594254,0.0,0.0,2.4778605,0.0,1.5057082,2.5695388,0.45676833,0.70857614,3.0853112,0.0,0.0,1.8019534,0.0,1.8142376,2.79259,2.515503,2.370422,LEC,13.0
0.0,0.11490747,0.0,2.003585,2.1725795,0.0,0.17748573,0.86546713,1.3649483,1.9876935,0.59797186,0.8742028,0.62608314,0.0,2.026021,0.0,0.0,2.023406,0.0,1.0623337,1.8450184,0.5172538,0.714668,2.3580053,0.0,0.0,1.8194674,0.0,1.3215752,1.9260678,1.9197621,1.663208,LEC,15.0
0.0,0.13197859,0.0,2.2834868,2.434438,0.0,0.0,0.7044236,1.7323059,2.2528324,0.66382337,1.0292444,0.31075805,0.0,2.307745,0.0,0.0,2.2823257,0.0,1.0805453,2.1761732,0.4019241,0.8234198,2.4404275,0.0,0.0,2.021398,0.0,1.3862929,2.2103355,1.9210191,2.045049,LEC,16.0
0.0,0.116014734,0.0,2.5277228,2.462321,0.0,0.0,0.55706656,1.6959982,2.2502618,0.96737415,0.6492249,0.30257946,0.0,2.1853106,0.0,0.0,2.0293534,0.0,1.4173313,2.2378953,0.7231587,0.30953214,3.078723,0.0,0.0,1.8280717,0.0,1.7850796,2.1293013,2.396832,2.0956588,LEC,17.0
0.0,0.17639379,0.0,2.2468033,2.4745471,0.0,0.0,0.87795883,1.6436546,2.2901583,0.65492797,0.9367953,0.5240013,0.0,2.2919984,0.0,0.0,2.3289425,0.0,1.138776,2.0759225,0.4537763,0.6887274,2.606826,0.0,0.0,1.9896293,0.0,1.4558698,2.2770734,2.0898244,1.9474438,LEC,18.0
0.0,0.040017355,0.0,2.3172705,2.32458,0.0,0.0019093975,0.8268506,1.734674,2.2027109,0.71913296,1.1446272,0.40604505,0.0,2.6293292,0.0,0.0,2.5792136,0.0,0.92344594,2.215451,0.31985915,0.9661204,2.3442338,0.0,0.0,2.361376,0.0,1.2703608,2.2390313,1.8062104,2.106257,LEC,19.0
0.0,0.4862355,0.0,1.976756,2.6055715,0.0,0.021413486,1.0281283,1.6794931,2.3562338,0.4204672,1.0730932,0.5756006,0.0,1.8840187,0.0,0.0,1.9826162,0.0,1.3405013,1.811938,0.48907852,0.72876024,2.443884,0.0,0.0,1.5342935,0.0,1.4956465,2.3668256,2.0855057,1.6699711,LEC,20.0
0.0,0.42102942,0.0,2.1054,2.9730475,0.0,0.0,0.7603298,2.0994442,2.7709634,0.045855496,1.3506657,0.16596448,0.0,2.2408266,0.0,0.0,2.6842806,0.0,0.85612035,2.1700945,0.0,1.128737,1.9443074,0.0,0.0,1.9195793,0.0,1.068103,2.7869446,1.6045783,2.144055,LEC,21.0
0.0,0.24313176,0.0,2.4680347,2.862729,0.0,0.0,0.5968043,2.1965644,2.6941042,0.42147356,1.2444015,0.04462221,0.0,2.5899284,0.0,0.0,2.8175914,0.0,0.9264591,2.4809132,0.023092192,0.9616619,2.3335023,0.0,0.0,2.2332158,0.0,1.2628375,2.7285542,1.8209873,2.4361877,LEC,22.0
0.0,0.14710979,0.0,2.805379,2.8272064,0.0,0.0,0.5031173,2.042895,2.6008744,0.9695157,0.7900436,0.14417441,0.0,2.4709957,0.0,0.0,2.388452,0.0,1.4106065,2.5684752,0.60476047,0.44155625,3.2059658,0.0,0.0,2.08226,0.0,1.8232877,2.4370081,2.5009065,2.4256403,LEC,23.0
0.0,0.054776546,0.0,2.5815651,2.8598735,0.0,0.0,0.5333936,1.963493,2.7280142,0.4264365,0.9345773,0.25835514,0.0,2.63771,0.0,0.0,2.9913366,0.0,0.87907434,2.5646403,0.076156214,0.824846,2.6256902,0.0,0.0,2.2397192,0.0,1.2956824,2.6359377,1.9893299,2.4129412,LEC,24.0
0.0,0.21756425,0.0,2.1942637,2.6231215,0.0,0.0,0.6274831,1.8751215,2.4644232,0.3488457,1.0860211,0.18544133,0.0,2.2849886,0.0,0.0,2.55098,0.0,0.85541904,2.1589227,0.04066628,0.85387546,2.1900792,0.0,0.0,1.9854896,0.0,1.1549685,2.4659505,1.7102903,2.1071699,LEC,25.0
0.0,0.183895,0.0,2.4508224,2.799457,0.0,0.0,0.785643,1.8410492,2.630999,0.40883595,1.024801,0.46780258,0.0,2.481372,0.0,0.0,2.8054397,0.0,0.9976935,2.358737,0.22142635,0.90924233,2.5300837,0.0,0.0,2.1581912,0.0,1.3263837,2.5845454,2.0153158,2.1857352,LEC,26.0
0.0,0.41556627,0.0,2.0473285,2.5925364,0.0,0.0,0.8401817,1.9078888,2.3340032,0.4997481,1.2262946,0.20175205,0.0,2.1281338,0.0,0.0,2.1194904,0.0,1.1647774,1.9464743,0.2806509,0.7653162,2.213872,0.0,0.0,1.8059851,0.0,1.3725249,2.417924,1.8429402,1.9685527,LEC,27.0
0.0,0.38074788,0.0,2.1765516,2.754907,0.0,0.0,0.8999083,1.9470845,2.507752,0.43750528,1.2375242,0.35389286,0.0,2.2210085,0.0,0.0,2.3275697,0.0,1.1899514,2.1197238,0.2982464,0.912669,2.365594,0.0,0.0,1.8800937,0.0,1.4232368,2.5398393,1.9790066,2.0169027,LEC,28.0
0.0,0.19082,0.0,2.5147412,2.6676786,0.0,0.0,0.5160451,1.8975624,2.448201,0.8194255,0.7742182,0.16688323,0.0,2.1782856,0.0,0.0,2.1386003,0.0,1.4024218,2.3355331,0.5607911,0.41915736,2.9448419,0.0,0.0,1.7737613,0.0,1.7262672,2.3028145,2.347482,2.1958606,LEC,29.0
0.0,0.0,0.0,2.8939483,2.66346,0.0,0.0,0.28445047,1.8629111,2.5392191,0.9066023,0.54442376,0.14977513,0.0,2.6653342,0.0,0.0,2.731942,0.0,1.0935438,2.6729558,0.42929104,0.33161813,3.22018,0.0,0.0,2.2438753,0.0,1.6361142,2.344654,2.376321,2.5348246,LEC,30.0
0.0,0.085713655,0.0,2.4615703,2.5840943,0.0,0.0,0.6181703,1.7791945,2.4147317,0.64951134,0.86932653,0.3747541,0.0,2.3562298,0.0,0.0,2.4216816,0.0,1.1148748,2.3382034,0.40536016,0.73195416,2.6940308,0.0,0.0,2.0137303,0.0,1.4642001,2.2820811,2.1221168,2.1394897,LEC,31.0
0.0,0.41812795,0.0,2.415679,3.1797438,0.0,0.0,0.6893205,2.1650116,2.983768,0.15545899,1.1697047,0.2100275,0.0,2.2232375,0.0,0.0,2.666013,0.0,1.1306409,2.4587147,0.05622117,1.0762633,2.4090345,0.0,0.0,1.8385757,0.0,1.3577766,2.8550987,1.9792033,2.2635567,LEC,32.0
0.0,0.0,0.0,2.4343681,2.4291735,0.0,0.37992558,1.0579035,1.3303976,2.243332,0.74917996,0.7965812,1.071684,0.0,2.5418785,0.0,0.0,2.6077795,0.0,1.1337329,2.2617018,0.6552022,0.83620095,2.9052076,0.0,0.0,2.2775006,0.0,1.5389596,2.0961676,2.388267,1.9060568,LEC,33.0
0.0,0.0,0.0,2.075364,2.0945964,0.0,0.4760937,1.0396531,1.205475,1.9476206,0.63920516,0.8898566,0.92633164,0.0,2.131029,0.0,0.0,2.0895321,0.0,1.0696446,1.9325134,0.6618757,1.022326,2.3925123,0.0,0.0,1.9921383,0.0,1.3346089,1.8197596,1.9730455,1.5987105,LEC,35.0
0.0,0.16464643,0.0,2.1702363,2.5704288,0.0,0.0,0.8287725,1.6979468,2.3985944,0.39900953,1.071766,0.49070638,0.0,2.2731922,0.0,0.0,2.4776244,0.0,0.9551824,2.1140969,0.24052103,0.97933966,2.2797546,0.0,0.0,2.0180259,0.0,1.2377989,2.3391657,1.8518889,1.9738159,LEC,36.0
0.0,0.0,0.0,2.5180247,2.5974624,0.0,0.0,0.54396945,1.8792372,2.4901967,0.5643499,0.98744637,0.23715863,0.0,2.6748395,0.0,0.0,2.8462117,0.0,0.8177836,2.5227501,0.14927451,0.9652038,2.4388914,0.0,0.0,2.3681443,0.0,1.2150118,2.3860989,1.852632,2.3697107,LEC,37.0
0.0,0.0,0.0,2.1251504,2.1658714,0.0,0.14458455,0.8064089,1.3567967,2.0659716,0.49312574,0.8747522,0.6767231,0.0,2.3450453,0.0,0.0,2.4868689,0.0,0.77909905,2.0224714,0.32072356,0.86028194,2.2945695,0.0,0.0,2.0970433,0.0,1.1329507,2.008211,1.789906,1.8032951,LEC,38.0
0.0,0.11661807,0.0,2.312947,2.6079783,0.0,0.0,0.5988922,1.771657,2.4460971,0.48036107,0.8997175,0.29353753,0.0,2.2836645,0.0,0.0,2.4924762,0.0,0.9703443,2.2203038,0.21641977,0.7265819,2.4732053,0.0,0.0,1.9494021,0.0,1.311637,2.3554978,1.9406145,2.0968158,LEC,39.0
0.0,0.0,0.0,3.7762082,0.55460364,0.0,0.58107543,0.31011868,1.1455504,0.4664731,3.9694443,0.0,0.32232967,0.0,3.760113,0.0,0.0,1.3097091,0.0,2.1077535,2.871989,2.6247823,0.0,5.1447453,0.0,0.0,3.5282958,0.0,3.0401714,0.4129383,3.5677242,2.7631457,NOR,2.0
0.0,0.0,0.0,3.358806,1.0579658,0.0,0.3889437,0.41686344,1.2036588,0.94816715,3.0677893,0.0,0.44119665,0.0,3.1291976,0.0,0.0,1.3435261,0.0,1.9239336,2.6329622,2.1324944,0.0,4.4955115,0.0,0.0,2.9142337,0.0,2.6444645,0.78901577,3.232524,2.4473646,NOR,3.0
0.0,0.0,0.0,3.2841718,1.0562558,0.0,0.36742905,0.43670043,1.3533593,0.9365859,2.9749022,0.282502,0.27534178,0.0,3.4452226,0.0,0.0,1.6560725,0.0,1.7054185,2.6946335,1.8656206,0.0,4.1273274,0.0,0.0,3.2147758,0.0,2.4130003,0.89609873,2.9319835,2.6129632,NOR,5.0
0.0,0.0,0.0,3.702669,0.5035718,0.0,0.57751495,0.2512836,0.9839783,0.4829701,3.7041638,0.0,0.4046988,0.0,3.8780026,0.0,0.0,1.6629456,0.0,1.7015405,2.9118989,2.30444,0.0,4.819844,0.0,0.0,3.6693091,0.0,2.6891308,0.3620877,3.2607021,2.7903311,NOR,6.0
0.0,0.0,0.0,3.1680276,0.98236144,0.0,0.43560967,0.4185762,1.0245944,0.8664655,2.8362906,0.0,0.54261327,0.0,3.0195076,0.0,0.0,1.4196604,0.0,1.7426665,2.5093443,1.9928534,0.0,4.2695813,0.0,0.0,2.8056433,0.0,2.4612758,0.7112527,3.0744157,2.2998986,NOR,7.0
0.0,0.0,0.0,3.1368978,1.5879209,0.0,1.701751,2.0350184,1.5772004,1.2080657,3.1821685,1.3173401,1.354841,0.0,3.6022108,0.0,0.0,1.3278376,0.0,2.5955336,2.2137153,2.5349913,0.43884146,4.33147,0.0,0.0,3.4117951,0.0,3.0583909,1.4733492,3.629156,2.134705,NOR,8.0
0.0,0.0,0.0,3.454429,0.8434354,0.0,0.19577242,0.13347429,1.1011236,0.76221323,3.3055737,0.0,0.25248566,0.0,2.9779081,0.0,0.0,1.0267408,0.0,2.055821,2.6753912,2.3291972,0.0,4.747519,0.0,0.0,2.7443798,0.0,2.8275132,0.50946814,3.341567,2.4509516,NOR,9.0
0.0,0.0,0.0,3.2509341,0.0,0.0,1.3685342,0.72612494,0.58461493,0.0,3.874083,0.010806926,0.8155111,0.0,3.8196537,0.0,0.0,1.2095013,0.0,1.7294434,2.4813237,2.5822365,0.0,4.333462,0.0,0.0,3.73648,0.0,2.5446994,0.0,3.0036597,2.2998242,NOR,12.0
0.0,0.0,0.0,2.9331577,0.30278265,0.0,0.85781455,0.48387375,0.6130088,0.24985641,3.1272182,0.0,0.6501407,0.0,2.9754283,0.0,0.0,0.9923496,0.0,1.6796796,2.231771,2.2214067,0.0,4.0230346,0.0,0.0,2.8605268,0.0,2.3616307,0.100294344,2.8365896,1.9935671,NOR,13.0
0.0,0.0,0.0,3.0072482,0.65731996,0.0,0.6885882,0.51965886,0.78364384,0.52648914,3.0874634,0.0,0.6763401,0.0,2.5779853,0.0,0.0,0.6159214,0.0,2.109711,2.2598028,2.434968,0.0,4.362177,0.0,0.0,2.4360054,0.0,2.709519,0.27790362,3.1902087,1.9115659,NOR,14.0
0.0,0.0,0.0,2.7213755,0.66236687,0.0,0.8394546,0.7285448,0.9473687,0.5029457,2.8693578,0.30698717,0.5901771,0.0,2.8335485,0.0,0.0,0.93165267,0.0,1.7562361,2.0725515,2.0311,0.0,3.6776788,0.0,0.0,2.7790287,0.0,2.3011737,0.4586643,2.714521,1.952222,NOR,15.0
0.0,0.0,0.0,2.9661965,0.48657638,0.0,0.641321,0.42071137,0.8889898,0.41460463,3.0741546,0.0038167238,0.44966212,0.0,3.01703,0.0,0.0,1.0930955,0.0,1.6849533,2.3081162,2.0811124,0.0,3.9781911,0.0,0.0,2.9000933,0.0,2.3524697,0.33262727,2.8026943,2.1653178,NOR,16.0
0.0,0.0,0.0,2.6582992,0.4975704,0.0,0.76464045,0.62676466,1.0321822,0.4288204,2.7391295,0.54034877,0.3765379,0.0,3.1341743,0.0,0.0,1.3189335,0.0,1.4076544,2.2216718,1.7331562,0.113415904,3.2560132,0.0,0.0,3.083091,0.0,1.9496443,0.49538732,2.2679045,2.1180513,NOR,17.0
0.0,0.0,0.0,3.2646098,0.41183153,0.0,0.90350765,0.58574015,0.84095925,0.3312512,3.5122294,0.0,0.64182156,0.0,3.2483675,0.0,0.0,0.9984567,0.0,1.9961388,2.4747646,2.5237033,0.0,4.5182962,0.0,0.0,3.1382647,0.0,2.7347941,0.22114415,3.229844,2.2366207,NOR,19.0
0.0,0.0,0.0,3.1576447,0.5711702,0.0,0.7364973,0.55525386,0.9968384,0.4693826,3.2778244,0.06513814,0.5310547,0.0,3.1185243,0.0,0.0,1.0316459,0.0,1.9386749,2.4237537,2.3470325,0.0,4.285227,0.0,0.0,3.0093408,0.0,2.6240923,0.42129576,3.0758178,2.215598,NOR,20.0
0.0,0.0,0.0,2.6977012,0.7393132,0.0,0.6713437,0.63225317,1.1176523,0.59416837,2.777751,0.37748373,0.41343433,0.0,2.717137,0.0,0.0,0.8729798,0.0,1.7978442,2.089495,1.9636652,0.0,3.5999503,0.0,0.0,2.6253574,0.0,2.283985,0.56876343,2.6427445,1.969627,NOR,21.0
0.0,0.0,0.0,3.097262,0.679729,0.0,0.69501156,0.65032643,1.2771219,0.5803252,3.1891382,0.4390515,0.33725962,0.0,3.4795146,0.0,0.0,1.3947854,0.0,1.7154443,2.4778006,2.010232,0.0,3.928805,0.0,0.0,3.343502,0.0,2.380602,0.66023505,2.8004272,2.4535754,NOR,22.0
0.0,0.0,0.0,2.7995353,0.5543669,0.0,0.7839593,0.74960864,1.3649828,0.43324125,3.104188,0.79983914,0.17010857,0.0,3.377857,0.0,0.0,1.1830906,0.0,1.6547514,2.2994943,1.8957365,0.095870234,3.4064686,0.0,0.0,3.2955554,0.0,2.201813,0.61806554,2.421795,2.3368883,NOR,23.0
0.0,0.0,0.0,2.9224713,0.72723454,0.0,0.65178,0.57048476,0.99580145,0.60838264,2.9273627,0.18995808,0.5014558,0.0,2.902375,0.0,0.0,1.0290877,0.0,1.8372492,2.3466632,2.1087067,0.0,3.911243,0.0,0.0,2.7796361,0.0,2.4120247,0.4948758,2.8327765,2.1301858,NOR,24.0
0.0,0.0,0.0,3.1195846,0.38393858,0.0,0.68795496,0.49332568,1.1845478,0.3171807,3.445542,0.31915888,0.20707333,0.0,3.324746,0.0,0.0,0.99572295,0.0,1.861639,2.5434892,2.2738895,0.0,3.9737918,0.0,0.0,3.2290518,0.0,2.4886997,0.3460338,2.7584836,2.3989263,NOR,25.0
0.0,0.0,0.0,3.260159,0.8151344,0.0,0.39160806,0.38142118,1.2213795,0.67812926,3.2808614,0.020755336,0.29492658,0.0,2.9152615,0.0,0.0,0.8060413,0.0,2.1692705,2.5876324,2.381763,0.0,4.4298315,0.0,0.0,2.7440171,0.0,2.792821,0.51707846,3.1717224,2.329602,NOR,26.0
0.0,0.0,0.0,2.7984781,1.1186943,0.0,0.33049825,0.5644966,1.4475133,0.95955205,2.5897756,0.597498,0.19804063,0.0,2.7521117,0.0,0.0,1.0569468,0.0,1.8814849,2.3451812,1.82414,0.025544344,3.579104,0.0,0.0,2.575789,0.0,2.3324628,0.9236756,2.6216993,2.1810656,NOR,27.0
0.0,0.0,0.0,3.2472525,0.4017586,0.0,0.804321,0.52426463,0.9219212,0.35054296,3.4789698,0.014951214,0.5104177,0.0,3.378256,0.0,0.0,1.1415911,0.0,1.8887842,2.5323198,2.3884916,0.0,4.351022,0.0,0.0,3.2245297,0.0,2.599976,0.2797526,3.0666132,2.350545,NOR,29.0
0.0,0.0,0.0,3.0941992,0.44973138,0.0,0.9868368,0.71456045,0.8889582,0.37267697,3.2978823,0.19793783,0.6588527,0.0,3.388158,0.0,0.0,1.2737476,0.0,1.8088561,2.3978603,2.284772,0.0,4.1257954,0.0,0.0,3.2574077,0.0,2.480553,0.349472,2.966969,2.2409863,NOR,30.0
0.0,0.0,0.0,2.9268608,0.19587833,0.0,0.8672334,0.55982476,0.9928001,0.15369761,3.300658,0.35354853,0.36563775,0.0,3.406057,0.0,0.0,1.166445,0.0,1.5694158,2.354941,2.089264,0.0,3.691077,0.0,0.0,3.3410215,0.0,2.2419019,0.23258367,2.5370336,2.2747731,NOR,31.0
0.0,0.0,0.0,2.9543724,0.777283,0.0,0.4556849,0.440059,1.2249349,0.65723056,2.8957229,0.32187665,0.23940569,0.0,3.0005093,0.0,0.0,1.1794393,0.0,1.7119408,2.363782,1.9268566,0.0,3.7860162,0.0,0.0,2.8745182,0.0,2.3332994,0.6482389,2.6794963,2.261831,NOR,32.0
0.0,0.0,0.0,2.7535503,0.6000079,0.0,0.5235532,0.47614965,1.2314501,0.48689458,2.9000819,0.4560904,0.14977264,0.0,2.9457767,0.0,0.0,0.98010653,0.0,1.664686,2.238654,1.8745342,0.0,3.5175374,0.0,0.0,2.8508656,0.0,2.2090797,0.5390322,2.4633248,2.1623356,NOR,33.0
0.0,0.0,0.0,3.2796726,1.1836863,0.0,0.2586556,0.4001925,1.2701261,0.99040747,3.0476203,0.0,0.36046627,0.0,2.6838136,0.0,0.0,0.8312009,0.0,2.2997043,2.560477,2.3510616,0.0,4.5967255,0.0,0.0,2.4353719,0.0,2.9010627,0.7600937,3.3685873,2.276373,NOR,34.0
0.0,0.0,0.0,2.7415652,0.2509036,0.0,0.85454124,0.6344989,1.1347556,0.18577544,3.148337,0.6062387,0.2477285,0.0,3.2974288,0.0,0.0,1.0672963,0.0,1.5652802,2.2547157,1.9533535,0.028503554,3.3731859,0.0,0.0,3.2590146,0.0,2.1252136,0.34002712,2.3126132,2.2035432,NOR,35.0
0.0,0.0,0.0,3.0893342,0.2193089,0.0,1.239356,0.9588399,1.1556798,0.117767304,3.6804235,0.6836274,0.49738473,0.0,3.8191733,0.0,0.0,1.1622351,0.0,1.8990127,2.4461734,2.4177146,0.06980737,3.9039867,0.0,0.0,3.7382293,0.0,2.5106266,0.33344927,2.7907295,2.3934045,NOR,36.0
0.0,0.0,0.0,3.1984477,1.0303752,0.0,0.36725637,0.5615444,1.7430009,0.8841722,3.103126,0.79013133,0.0,0.0,3.4895267,0.0,0.0,1.400803,0.0,1.865107,2.7263641,1.9164028,0.03282405,3.8153136,0.0,0.0,3.309832,0.0,2.452492,1.0235808,2.6558852,2.707877,NOR,37.0
0.0,0.0,0.0,3.9282134,0.11131811,0.0,1.0011064,0.54045516,1.1575767,0.045205414,4.6113257,0.0,0.4132425,0.0,4.0599766,0.0,0.0,0.9483468,0.0,2.3918824,3.000784,3.1361752,0.0,5.336446,0.0,0.0,3.9253638,0.0,3.2915983,0.033174373,3.6985621,2.8240802,NOR,39.0
0.0,0.0,0.0,2.8547914,0.3061669,0.0,0.82271874,0.6309289,1.3573154,0.22757173,3.2786644,0.7957462,0.08128561,0.0,3.6260078,0.0,0.0,1.2790558,0.0,1.4989624,2.3117917,1.8822004,0.03152836,3.3432586,0.0,0.0,3.5407147,0.0,2.1041963,0.46633413,2.3065004,2.4176924,NOR,41.0
0.0,0.0,0.0,2.9313629,0.45873633,0.0,0.73933,0.5735645,1.1458461,0.37839454,3.1891613,0.4157642,0.29575118,0.0,3.268948,0.0,0.0,1.1187127,0.0,1.7009352,2.345124,2.030695,0.0,3.7347424,0.0,0.0,3.157906,0.0,2.3127038,0.41882893,2.6273324,2.287944,NOR,42.0
0.0,0.0,0.0,2.8884635,0.121007614,0.0,0.91744053,0.57140815,1.0168287,0.086039454,3.3776124,0.3925113,0.3213271,0.0,3.3628058,0.0,0.0,1.0277811,0.0,1.6051272,2.3123376,2.1240575,0.0,3.631675,0.0,0.0,3.32185,0.0,2.2332687,0.15921,2.5083752,2.2304897,NOR,43.0
0.0,0.0,0.0,3.0259838,0.50883436,0.0,0.6844141,0.67290825,1.7043021,0.42967013,3.3762279,1.0048099,0.0,0.0,3.6233263,0.0,0.0,1.1586617,0.0,1.7541009,2.5636106,1.9957018,0.23895521,3.4528885,0.0,0.0,3.5799065,0.0,2.296858,0.6689798,2.36806,2.5964377,NOR,44.0
0.0,0.0,0.0,3.1220999,0.85995084,0.0,0.19000432,0.24286658,1.3823935,0.749032,3.0221033,0.20243219,0.014070708,0.0,2.9667776,0.0,0.0,1.0702059,0.0,1.8479887,2.5268953,1.9842625,0.0,3.9920368,0.0,0.0,2.808103,0.0,2.4584181,0.6633899,2.8177984,2.4237125,NOR,45.0
0.0,0.0,0.0,2.904514,0.86072403,0.0,0.61226803,0.69026554,1.4790461,0.7242125,2.895172,0.7599706,0.20371725,0.0,3.2770274,0.0,0.0,1.339238,0.0,1.6906029,2.328606,1.8101459,0.06471651,3.5172424,0.0,0.0,3.1339037,0.0,2.2407072,0.8594214,2.5400615,2.3435817,NOR,46.0
0.0,0.0,0.0,3.4897392,0.85601217,0.0,0.39845273,0.4247793,1.6944858,0.7518894,3.4104512,0.6835647,0.0,0.0,3.9625983,0.0,0.0,1.7264129,0.0,1.7072374,2.9526532,1.9617279,0.0,4.0321116,0.0,0.0,3.8172991,0.0,2.4533536,0.8476853,2.7550123,2.9703467,NOR,47.0
0.0,0.0,0.0,3.4011223,0.3943547,0.0,1.1413877,0.8466827,1.020678,0.38880852,3.573436,0.36644238,0.69504684,0.0,3.9399495,0.0,0.0,1.6183529,0.0,1.8126354,2.751482,2.3976195,0.044223595,4.264503,0.0,0.0,3.8062649,0.0,2.545346,0.45040262,2.948487,2.5528536,NOR,49.0
0.0,0.0,0.0,2.6465948,0.6912401,0.0,0.8272842,0.94241875,1.7450583,0.4911911,3.0864558,1.2940223,0.0,0.0,3.3359356,0.0,0.0,0.9585341,0.0,1.7860496,2.1967566,1.8506469,0.392073,3.0460942,0.0,0.0,3.2962687,0.0,2.1908693,0.81545377,2.2199163,2.3434422,NOR,50.0
0.0,0.09091823,0.0,2.468368,1.2812202,0.0,0.45621777,0.9552617,2.0155332,1.0447664,2.426655,1.4832933,0.0,0.0,2.870076,0.0,0.0,1.0177039,0.0,1.819414,2.1339898,1.504406,0.5928799,2.773772,0.0,0.0,2.8052146,0.0,2.0851915,1.3331244,2.1074288,2.2280278,NOR,51.0
0.0,0.12176369,0.0,2.4950488,1.282527,0.0,0.5813054,1.0059533,1.8327396,0.96788293,2.6023417,1.2025548,0.099234,0.0,2.612277,0.0,0.0,0.6327918,0.0,2.120367,2.0038142,1.831568,0.24590865,3.1769576,0.0,0.0,2.5261698,0.0,2.3835766,1.1782027,2.4870756,2.0757546,NOR,52.0
0.0,0.0,0.0,2.5383844,1.0811553,0.0,0.45096803,0.8112302,1.7921904,0.8597237,2.604447,1.1590744,0.0,0.0,2.7965217,0.0,0.0,0.8579045,0.0,1.8635995,2.1172776,1.6775744,0.31663316,3.0012026,0.0,0.0,2.7034485,0.0,2.1787689,1.064247,2.2694488,2.16674,NOR,53.0
0.0,0.0,0.0,3.3351235,1.5267959,0.0,0.504966,0.7414666,1.1578722,1.3468974,2.699322,0.034323104,0.8163098,0.0,2.9582505,0.0,0.0,1.5656362,0.0,2.1643584,2.6630268,2.1965523,0.0,4.658488,0.0,0.0,2.6770718,0.0,2.7805567,1.1617588,3.4776373,2.3110874,NOR,54.0
0.0,0.59045184,0.0,2.2264981,2.8762996,0.0,0.18232676,1.5335454,3.1164768,2.64537,0.5401853,3.100817,0.0,0.0,3.8448272,0.0,0.0,3.4947734,0.0,0.60140985,2.55713,0.0,2.47652,1.0033221,0.0,0.0,3.6934514,0.0,0.7742059,3.3714507,0.8219998,2.8898866,SAI,1.0
0.0,0.7269982,0.0,1.5179938,2.6688325,0.2217925,0.22077835,1.5643169,2.5933363,2.4574077,0.0,2.8785405,0.035098653,0.0,2.8927717,0.0,0.0,2.9610305,0.0,0.4619585,1.8951828,0.0,2.4233575,0.44591653,0.0,0.0,2.8220248,0.0,0.4546519,3.0875583,0.5344832,2.1242568,SAI,2.0
0.0,1.6702808,0.0,0.8694074,3.2099469,0.8665644,0.8063985,2.5224383,3.0620782,2.7266328,0.0,3.9286916,0.20483513,0.0,2.5274844,0.0,0.0,2.4899774,0.0,0.93852174,1.2656382,0.0,2.9708362,0.0,0.0,0.0,2.4063776,0.0,0.5422331,3.7303588,0.41814718,1.6755242,SAI,3.0
0.0,1.3874251,0.0,1.0120114,3.0888677,0.6694216,0.68976325,2.3132849,2.932445,2.694044,0.0,3.7108393,0.22963881,0.0,2.747569,0.0,0.0,2.8392158,0.0,0.69325143,1.4615395,0.0,2.8816109,0.0,0.0,0.0,2.6001077,0.0,0.42188114,3.6373825,0.36925587,1.8262846,SAI,4.0
0.0,1.4024338,0.0,0.8857206,3.0376313,0.8024414,0.60920304,2.2497447,3.130862,2.686599,0.0,4.056728,0.0,0.0,2.8763802,0.0,0.0,3.0410602,0.0,0.3687025,1.4901206,0.0,3.2149966,0.0,0.0,0.0,2.8035812,0.0,0.06050747,3.7365084,0.0,1.9268765,SAI,5.0
0.0,1.463053,0.0,0.8879986,2.9988258,0.8449284,0.5852407,2.2870111,3.2551858,2.6538885,0.0,4.2091546,0.0,0.0,2.993191,0.0,0.0,3.0632706,0.0,0.38317695,1.4933012,0.0,3.249714,0.0,0.0,0.0,2.9086766,0.0,0.051862903,3.8092265,0.0,1.9849637,SAI,6.0
0.0,1.4473802,0.0,0.96748984,3.0374222,0.78841877,0.4491044,2.142425,3.1089048,2.6917822,0.0,3.8583632,0.0,0.0,2.7093525,0.0,0.0,2.7811635,0.0,0.5764315,1.5136024,0.0,3.0341563,0.0,0.0,0.0,2.575864,0.0,0.23719828,3.6641521,0.056183245,1.9269948,SAI,7.0
0.0,1.3627918,0.0,1.1374954,3.139325,0.68988067,0.3350504,2.027097,3.0458753,2.8486705,0.0,3.6266031,0.0,0.0,2.636481,0.0,0.0,2.8302457,0.0,0.63178146,1.6861379,0.0,3.0543349,0.0,0.0,0.0,2.4826794,0.0,0.3082829,3.6529634,0.2239159,1.9264183,SAI,8.0
0.0,1.2512603,0.0,1.1447322,2.9984188,0.63177305,0.24977195,1.8304552,2.9111998,2.6981773,0.0,3.3541071,0.0,0.0,2.4987285,0.0,0.0,2.6407824,0.0,0.671453,1.6443982,0.0,2.7379792,0.0,0.0,0.0,2.3478146,0.0,0.405936,3.4054625,0.33774814,1.9045421,SAI,9.0
0.0,1.7579626,0.0,0.96768546,3.3082669,0.92889947,0.39443532,2.2488172,3.2276807,2.842145,0.0,3.8232133,0.0,0.0,2.3404686,0.0,0.0,2.2664647,0.0,1.1072109,1.4257993,0.0,2.8549578,0.0,0.0,0.0,2.1253967,0.0,0.6644747,3.7610643,0.44529787,1.7939905,SAI,10.0
0.0,1.6749943,0.0,0.95284915,3.2807522,0.90534514,0.5314013,2.3371365,3.2993588,2.8196218,0.0,4.1268163,0.0,0.0,2.6876192,0.0,0.0,2.659316,0.0,0.79449373,1.5010059,0.0,3.1604984,0.0,0.0,0.0,2.5515356,0.0,0.39946067,3.8543859,0.11488077,1.9446254,SAI,11.0
0.0,1.4714882,0.0,1.0050853,3.19817,0.82453054,0.43619326,2.1833,3.3355913,2.8690186,0.0,4.1724324,0.0,0.0,2.9831092,0.0,0.0,3.1615493,0.0,0.37689415,1.6901284,0.0,3.4107397,0.0,0.0,0.0,2.8640406,0.0,0.049832515,3.9260092,0.0,2.1029775,SAI,12.0
0.0,1.2850043,0.0,1.6232401,3.5653734,0.629305,0.0,1.7091415,3.5579798,3.2348835,0.0,3.7556758,0.0,0.0,3.1617646,0.0,0.0,3.3747358,0.0,0.5763952,2.2496016,0.0,3.0593426,0.019682616,0.0,0.0,2.9168193,0.0,0.41494,4.0428333,0.30149242,2.595825,SAI,13.0
0.0,1.1411589,0.0,0.81490034,2.3396487,0.52583426,1.151233,2.375167,2.5024989,2.0133283,0.0,3.6191385,0.34621552,0.0,2.751835,0.0,0.0,2.439714,0.0,0.6096471,1.1599407,0.0,2.8581796,0.0,0.0,0.0,2.7435417,0.0,0.32605696,3.025338,0.19545886,1.5175431,SAI,15.0
0.0,1.1303571,0.0,1.0578648,2.6893559,0.45396554,0.8675279,2.2344172,2.6366959,2.4258924,0.0,3.5263164,0.3468409,0.0,2.752447,0.0,0.0,2.76647,0.0,0.5740837,1.532217,0.0,3.105481,0.0,0.0,0.0,2.714353,0.0,0.3234445,3.2797348,0.26791918,1.7050236,SAI,16.0
0.0,1.2470841,0.0,0.79714566,2.5026574,0.6152894,1.0407214,2.3569734,2.6414204,2.231031,0.0,3.749811,0.31403908,0.0,2.7429833,0.0,0.0,2.6930847,0.0,0.41729113,1.2616237,0.0,3.1419847,0.0,0.0,0.0,2.7699413,0.0,0.09767836,3.2337267,0.0,1.5810789,SAI,17.0
0.0,0.86991113,0.0,1.1834462,2.5669363,0.39921054,0.5086144,1.8062165,2.7439158,2.3623261,0.0,3.4508252,0.0,0.0,3.0517008,0.0,0.0,3.153921,0.0,0.16867101,1.7653449,0.0,2.9645007,0.0,0.0,0.0,3.0184598,0.0,0.036704153,3.2364888,0.0,2.0394857,SAI,18.0
0.0,0.99327433,0.0,0.9220925,2.1975267,0.4602052,0.92691374,2.078017,2.5308352,1.9237561,0.0,3.496902,0.1442703,0.0,2.8758185,0.0,0.0,2.5982823,0.0,0.40145057,1.3130169,0.0,2.7213807,0.0,0.0,0.0,2.8640983,0.0,0.20943747,2.9518843,0.03218432,1.6827848,SAI,19.0
0.0,1.391724,0.0,1.2170026,3.2408488,0.7284436,0.2278887,1.9724451,3.2725117,2.9169717,0.0,3.809566,0.0,0.0,2.850393,0.0,0.0,2.9988153,0.0,0.5809697,1.7988015,0.0,3.0807488,0.0,0.0,0.0,2.6753404,0.0,0.30745333,3.8274558,0.13189188,2.1526382,SAI,20.0
0.0,1.1503824,0.0,1.4350734,3.0846415,0.47343338,0.22491997,1.7996143,3.006515,2.8185723,0.0,3.369343,0.0,0.0,2.8123043,0.0,0.0,2.9658003,0.0,0.6119946,1.9561124,0.0,2.9107342,0.13469969,0.0,0.0,2.6553304,0.0,0.43974394,3.5274415,0.40088737,2.139762,SAI,21.0
0.0,1.3235084,0.0,1.198206,3.1432457,0.66388965,0.23330921,1.900084,3.1065166,2.8321168,0.0,3.5956018,0.0,0.0,2.675249,0.0,0.0,2.8244278,0.0,0.6299966,1.7789384,0.0,3.0075035,0.0,0.0,0.0,2.5317035,0.0,0.35608357,3.616726,0.21828231,2.0592177,SAI,22.0
0.0,1.0722363,0.0,1.2276044,2.807453,0.5734297,0.18417358,1.7105334,3.0621192,2.5693085,0.0,3.6112275,0.0,0.0,2.9959044,0.0,0.0,3.088823,0.0,0.2677408,1.8251711,0.0,2.9625418,0.0,0.0,0.0,2.8846815,0.0,0.08432832,3.4535875,0.0,2.1942933,SAI,23.0
0.0,1.0323929,0.0,1.1544895,2.8585327,0.53967017,0.44049123,1.8756491,2.9387293,2.6387784,0.0,3.6357002,2.5872141e-05,0.0,3.038947,0.0,0.0,3.351648,0.0,0.10928863,1.7648913,0.0,3.1195982,0.0,0.0,0.0,2.9689639,0.0,0.0,3.5079644,0.0,2.0716615,SAI,24.0
0.0,1.1348383,0.0,0.98200816,2.6553981,0.62409794,0.4668582,1.886491,2.8980792,2.3884776,0.0,3.6526144,0.0,0.0,2.8578534,0.0,0.0,2.9407802,0.0,0.26098898,1.5353839,0.0,2.8987963,0.0,0.0,0.0,2.7860804,0.0,0.03780576,3.3645878,0.0,1.9378289,SAI,25.0
0.0,1.2767311,0.0,1.1403922,3.114126,0.6629431,0.27624166,1.8828661,3.0079079,2.8155234,0.0,3.5662065,0.0,0.0,2.6227148,0.0,0.0,2.88883,0.0,0.52698934,1.7163274,0.0,2.9956675,0.0,0.0,0.0,2.488442,0.0,0.25447994,3.5797966,0.16050968,1.9701759,SAI,26.0
0.0,1.173211,0.0,1.3470024,3.0583076,0.56462777,0.24255133,1.866933,3.1914382,2.795228,0.0,3.7309418,0.0,0.0,3.1046002,0.0,0.0,3.2188702,0.0,0.39705467,1.9726042,0.0,3.1149137,0.0,0.0,0.0,2.962705,0.0,0.23027484,3.6710422,0.087052405,2.2738235,SAI,27.0
0.0,1.1705498,0.0,1.2573221,2.9792147,0.5956793,0.099302955,1.666663,2.982517,2.690539,0.0,3.3101726,0.0,0.0,2.6497583,0.0,0.0,2.7488456,0.0,0.5839934,1.7721063,0.0,2.6889806,0.0011266209,0.0,0.0,2.4651031,0.0,0.386378,3.4079385,0.29499882,2.0795505,SAI,28.0
0.0,1.1389282,0.0,1.0785619,2.7990417,0.5952076,0.2794848,1.7585675,2.8686752,2.5516343,0.0,3.4245777,0.0,0.0,2.6402571,0.0,0.0,2.8438883,0.0,0.3543088,1.6484494,0.0,2.865805,0.0,0.0,0.0,2.5474532,0.0,0.12290923,3.3510833,0.011298835,1.9359341,SAI,29.0
0.0,1.3386407,0.0,0.89814436,2.8963015,0.7360664,0.6632974,2.2064524,3.0098417,2.5644217,0.0,3.9619918,0.04303102,0.0,2.7780497,0.0,0.0,2.8493485,0.0,0.42433903,1.5118413,0.0,3.249083,0.0,0.0,0.0,2.732287,0.0,0.08394848,3.5343454,0.0,1.8436987,SAI,30.0
0.0,1.4571837,0.0,1.1152239,3.2108655,0.8283817,0.3717246,2.152371,3.4926438,2.8529215,0.0,4.257633,0.0,0.0,3.1746337,0.0,0.0,3.2171123,0.0,0.3796683,1.7619475,0.0,3.3246577,0.0,0.0,0.0,3.0373712,0.0,0.10843399,3.969275,0.0,2.2751436,SAI,31.0
0.0,0.81659704,0.0,1.1692922,2.342692,0.28415653,0.79293627,1.921609,2.4031258,2.1358733,0.0,3.1944268,0.32506192,0.0,2.7693737,0.0,0.0,2.682968,0.0,0.44224933,1.598807,0.0,2.8454192,0.0,0.0,0.0,2.7806184,0.0,0.2868458,2.8780365,0.2581149,1.7197051,SAI,33.0
0.0,0.92811704,0.0,1.0183076,2.2682586,0.2788837,1.1956435,2.2645633,2.2805405,2.0248256,0.0,3.3045554,0.5957432,0.0,2.7442377,0.0,0.0,2.5908737,0.0,0.56637806,1.3663385,0.0,2.8568928,0.0,0.0,0.0,2.7730327,0.0,0.36123592,2.8638282,0.3724569,1.493736,SAI,34.0
0.0,0.91601,0.0,1.1346081,2.417631,0.36808428,0.66670454,1.861441,2.607927,2.1839323,0.0,3.359788,0.07532343,0.0,2.870055,0.0,0.0,2.840762,0.0,0.32073537,1.5845261,0.0,2.7788355,0.0,0.0,0.0,2.8721871,0.0,0.19102263,3.0589838,0.08978553,1.8491818,SAI,35.0
0.0,0.85971075,0.0,1.2069061,2.473321,0.30327284,0.64872235,1.8390138,2.5037146,2.2829638,0.0,3.1952214,0.22871566,0.0,2.8257663,0.0,0.0,2.9017515,0.0,0.3500919,1.6827372,0.0,2.7994862,0.0,0.0,0.0,2.8051696,0.0,0.20345983,3.0381997,0.20025428,1.8190145,SAI,36.0
0.0,1.207031,0.0,0.8407192,2.4792964,0.6256924,0.98042107,2.3332055,2.8475263,2.1947095,0.0,4.0382423,0.13789605,0.0,3.0199063,0.0,0.0,2.9112456,0.0,0.30709225,1.4143839,0.0,3.2671375,0.0,0.0,0.0,3.0581667,0.0,0.0116533935,3.3100853,0.0,1.7758871,SAI,37.0
0.0,1.0258772,0.0,1.1478314,2.6196117,0.48699233,0.6254054,1.9725145,2.8327103,2.3741784,0.0,3.624494,0.025265124,0.0,2.967224,0.0,0.0,2.9101803,0.0,0.4067354,1.6946682,0.0,3.0540555,0.0,0.0,0.0,2.9520328,0.0,0.201121,3.2472887,0.07477759,1.9716198,SAI,38.0
0.0,1.0533948,0.0,1.1225921,2.6758397,0.5031899,0.5244252,1.8710696,2.7402453,2.386791,0.0,3.3695602,0.036576975,0.0,2.7439363,0.0,0.0,2.7551172,0.0,0.46474957,1.5864558,0.0,2.7414398,0.0,0.0,0.0,2.66827,0.0,0.28353113,3.2108185,0.20215267,1.8752989,SAI,39.0
0.0,0.9255232,0.0,1.2231456,2.568636,0.37462515,0.46394,1.756945,2.6657903,2.3338373,0.0,3.2578478,0.007778242,0.0,2.810133,0.0,0.0,2.8148775,0.0,0.41424295,1.707096,0.0,2.7373989,0.0,0.0,0.0,2.7301898,0.0,0.28030634,3.092354,0.21907058,1.942681,SAI,40.0
0.0,0.73351926,0.0,1.2271522,2.302375,0.29117644,0.4547687,1.5875697,2.4345014,2.0766394,0.0,2.9275935,0.036895785,0.0,2.6919415,0.0,0.0,2.5721903,0.0,0.42770973,1.5928276,0.0,2.4199076,0.12850127,0.0,0.0,2.6464963,0.0,0.33825725,2.7533379,0.31664082,1.8446254,SAI,42.0
0.0,0.7607828,0.0,1.1842483,2.2995021,0.30107185,0.5469193,1.6833234,2.4165885,2.0926805,0.0,3.0352228,0.09364237,0.0,2.7517712,0.0,0.0,2.6862094,0.0,0.3482372,1.6092832,0.0,2.5358496,0.0,0.0,0.0,2.7155287,0.0,0.24373241,2.8179483,0.1916725,1.8510339,SAI,43.0
0.0,1.063871,0.0,1.340804,2.9631512,0.5566791,0.089500695,1.6508135,3.158607,2.7035718,0.0,3.5574992,0.0,0.0,3.0644214,0.0,0.0,3.1668463,0.0,0.31690535,1.9126114,0.0,2.8639047,0.0,0.0,0.0,2.9004636,0.0,0.1919908,3.5459728,0.050117444,2.3153493,SAI,44.0
0.0,0.9968041,0.0,1.5470942,3.1421971,0.4728696,0.0,1.5185994,2.9806983,2.8199055,0.0,3.0876021,0.0,0.0,2.796045,0.0,0.0,2.955852,0.0,0.6048302,1.954577,0.0,2.4488072,0.3845623,0.0,0.0,2.6257293,0.0,0.54307586,3.4527867,0.54385424,2.29056,SAI,45.0
0.0,1.0163753,0.0,1.6664042,3.2296019,0.4833107,0.0,1.3938719,3.3109994,2.9924242,0.0,3.3378,0.0,0.0,3.0762982,0.0,0.0,3.3365302,0.0,0.37161222,2.2294981,0.0,2.799291,0.108615786,0.0,0.0,2.8705692,0.0,0.3076861,3.687719,0.27032673,2.559619,SAI,46.0
0.0,1.1320436,0.0,1.3567598,2.8865166,0.53908676,0.11300279,1.6362544,3.0352886,2.551428,0.0,3.2897685,0.0,0.0,2.7408988,0.0,0.0,2.6505382,0.0,0.6592756,1.7629817,0.0,2.4993687,0.1757414,0.0,0.0,2.5784295,0.0,0.5168734,3.340513,0.39171925,2.1489878,SAI,47.0
0.0,1.2794708,0.0,1.2803345,2.9565384,0.6328523,0.21369681,1.8041347,3.1982157,2.6226437,0.0,3.6465976,0.0,0.0,2.8197775,0.0,0.0,2.6730094,0.0,0.6732887,1.7927688,0.0,2.8314712,0.0,0.0,0.0,2.667974,0.0,0.4498875,3.4910061,0.21057916,2.1581175,SAI,48.0
0.0,1.2784936,0.0,1.2286072,3.1133704,0.6679252,0.22900897,1.8814019,3.2294848,2.7849283,0.0,3.7805126,0.0,0.0,2.9212217,0.0,0.0,2.9964247,0.0,0.46888337,1.7966318,0.0,3.0526335,0.0,0.0,0.0,2.7757452,0.0,0.24248044,3.6913416,0.06583919,2.1802206,SAI,49.0
0.0,1.0740017,0.0,1.2442012,2.7035878,0.5208092,0.47801083,1.9322277,3.090956,2.4532306,0.0,3.8234465,0.0,0.0,3.2142386,0.0,0.0,3.1442196,0.0,0.27103645,1.8339007,0.0,3.1100616,0.0,0.0,0.0,3.154644,0.0,0.10705714,3.4535158,0.0,2.1993344,SAI,50.0
0.0,1.1489592,0.0,1.1786816,2.7872355,0.57744914,0.5618294,2.0407832,3.1034338,2.5295422,0.0,3.9198556,0.0,0.0,3.183355,0.0,0.0,3.1506195,0.0,0.29658878,1.7789916,0.0,3.2415388,0.0,0.0,0.0,3.1258698,0.0,0.082642876,3.5206347,0.0,2.1357203,SAI,51.0
0.0,0.8914556,0.0,1.3839003,2.6252584,0.38728935,0.3464799,1.7166333,2.9646351,2.420731,0.0,3.5517101,0.0,0.0,3.1942143,0.0,0.0,3.128609,0.0,0.26960516,1.9327229,0.0,2.9526744,0.0,0.0,0.0,3.1207192,0.0,0.1607406,3.2951648,0.015371546,2.2390308,SAI,52.0
0.0,1.3373529,0.0,1.3588743,3.2996466,0.6681271,0.1864844,1.9380645,3.377624,2.9728017,0.0,3.87851,0.0,0.0,3.017664,0.0,0.0,3.1313643,0.0,0.5300944,1.9872415,0.0,3.24442,0.0,0.0,0.0,2.8420026,0.0,0.29903,3.8384671,0.12098323,2.2821867,SAI,53.0
0.0,1.2541494,0.0,1.2755605,3.0513654,0.5953617,0.37258554,1.9808003,3.16481,2.7674682,0.0,3.7583716,0.0,0.0,2.962236,0.0,0.0,3.0063229,0.0,0.54940003,1.8386587,0.0,3.140651,0.0,0.0,0.0,2.8104672,0.0,0.30449402,3.632918,0.16349326,2.135708,SAI,54.0
0.0,1.2177296,0.0,1.2315145,2.9326324,0.6189468,0.3867176,1.9467772,3.2401805,2.6510937,0.0,3.9117842,0.0,0.0,3.1569915,0.0,0.0,3.1832755,0.0,0.31355608,1.8338729,0.0,3.1652482,0.0,0.0,0.0,3.047949,0.0,0.11260703,3.6460776,0.0,2.2117312,SAI,55.0
0.0,1.1852309,0.0,1.224755,2.809547,0.62785906,0.43808904,2.0130117,3.3413033,2.5378995,0.0,4.1311173,0.0,0.0,3.3760588,0.0,0.0,3.2633417,0.0,0.24855629,1.873751,0.0,3.3625898,0.0,0.0,0.0,3.3348858,0.0,0.03923232,3.645356,0.0,2.3333237,SAI,56.0
0.0,0.9388661,0.0,1.511891,2.8517332,0.40280578,0.28002083,1.7214242,3.1501534,2.6134636,0.0,3.6620736,0.0,0.0,3.3836884,0.0,0.0,3.3846688,0.0,0.24803111,2.0913625,0.0,2.999332,0.0,0.0,0.0,3.2862387,0.0,0.19382374,3.5238965,0.06219038,2.4260309,SAI,57.0
0.0,0.076504454,0.0,1.1048232,0.82039976,0.0,3.5347924,3.435841,0.8183769,0.57777286,1.1923292,2.8047578,2.4914746,0.0,3.7010214,0.0,0.0,2.5666966,0.0,0.72521496,0.91311616,1.125741,2.5188797,1.0545356,0.0,0.0,3.92856,0.0,0.85483927,1.5446444,1.2912289,0.8483093,VER,1.0
0.0,0.5492579,0.0,0.0,0.5170325,0.0,4.223407,4.140304,0.49847257,0.13092712,0.59224105,3.405715,2.7405057,0.0,2.9953368,0.0,0.0,1.89009,0.0,0.5674448,0.0,0.8604993,2.7581565,0.0,0.0,0.0,3.3398194,0.0,0.3700741,1.4568809,0.6328427,0.0,VER,2.0
0.0,0.52143943,0.0,0.0,0.27221775,0.0,4.497053,4.3024893,0.36190096,0.0,0.5525868,3.5753925,2.8782957,0.0,3.011155,0.0,0.0,1.8406584,0.0,0.463782,0.0,0.81967527,2.9392445,0.0,0.0,0.0,3.4016018,0.0,0.1914181,1.3020893,0.4316073,0.0,VER,3.0
0.0,0.65952015,0.0,0.0,0.652923,0.0,3.8999543,3.895136,0.57673633,0.25648376,0.29242462,3.348624,2.5267725,0.0,2.637871,0.0,0.0,1.7417043,0.0,0.52158123,0.0,0.6406507,2.7366982,0.0,0.0,0.0,2.9611719,0.0,0.24123208,1.5112246,0.48197132,0.0,VER,4.0
0.0,0.657646,0.0,0.0,0.54461414,0.0,4.0463943,3.982609,0.40969923,0.14529452,0.24514225,3.2756948,2.6322,0.0,2.476355,0.0,0.0,1.5615537,0.0,0.55008894,0.0,0.71496964,2.6852133,0.0,0.0,0.0,2.8149314,0.0,0.21379684,1.3693571,0.4737715,0.0,VER,5.0
0.0,0.15011933,0.0,0.13530077,0.30858612,0.0,3.7002974,3.4126139,0.21342409,0.048497424,0.64802194,2.6300178,2.5352921,0.0,2.7111416,0.0,0.0,1.7954692,0.0,0.43600658,0.0,0.8343542,2.2683277,0.17339917,0.0,0.0,3.0231576,0.0,0.35692,1.0228171,0.7659676,0.0,VER,6.0
0.0,0.6197147,0.0,0.0,0.5594511,0.031251486,3.880453,3.849952,0.5708763,0.19223791,0.1864275,3.444123,2.430519,0.0,2.6425953,0.0,0.0,1.8215674,0.0,0.3431731,0.0,0.45289147,2.759313,0.0,0.0,0.0,2.9878845,0.0,0.038789697,1.4830538,0.2856185,0.0,VER,7.0
0.0,0.51603687,0.0,0.0,0.32418984,0.0,4.449979,4.2453732,0.3124507,0.0,0.36652043,3.4859834,2.878124,0.0,2.9192321,0.0,0.0,1.9083459,0.0,0.334342,0.0,0.669437,2.8193219,0.0,0.0,0.0,3.2728531,0.0,0.08480816,1.352549,0.3886576,0.0,VER,8.0
0.0,0.617121,0.0,0.0,0.6774281,0.0025347807,3.5535173,3.5502076,0.50102204,0.33412558,0.18113577,2.996166,2.3466065,0.0,2.3744833,0.0,0.0,1.6944709,0.0,0.4274548,0.0,0.5064916,2.4277081,0.0,0.0,0.0,2.6551502,0.0,0.18772987,1.455256,0.45965135,0.0,VER,9.0
0.0,0.5825516,0.0,0.0,0.49770513,0.0,4.152438,4.046829,0.39971742,0.12057616,0.30633324,3.3490334,2.7119765,0.0,2.703191,0.0,0.0,1.8273107,0.0,0.41879806,0.0,0.6585648,2.7572846,0.0,0.0,0.0,3.0495193,0.0,0.15984824,1.4143151,0.4372159,0.0,VER,10.0
0.0,0.5478781,0.0,0.0,0.51469386,0.0,4.170468,4.0360746,0.29937857,0.124385625,0.33372912,3.222027,2.7956338,0.0,2.6609137,0.0,0.0,1.7565241,0.0,0.508993,0.0,0.78391606,2.643873,0.0,0.0,0.0,2.9712489,0.0,0.2709568,1.3717391,0.6038474,0.0,VER,11.0
0.0,0.5692321,0.0,0.0,0.5829885,0.0,3.8364174,3.7839446,0.5082319,0.21984968,0.25232276,3.2507267,2.4789822,0.0,2.663837,0.0,0.0,1.8282582,0.0,0.38988367,0.0,0.56536835,2.6228912,0.0,0.0,0.0,2.9618936,0.0,0.14083822,1.4599152,0.42852312,0.0,VER,12.0
0.0,0.744612,0.0,0.0,0.77465034,0.052221082,3.7296817,3.812976,0.6747255,0.37704203,0.18441018,3.3751554,2.386712,0.0,2.577869,0.0,0.0,1.7884034,0.0,0.5042788,0.0,0.52649975,2.6158907,0.0,0.0,0.0,2.8440387,0.0,0.21579315,1.6477286,0.45637512,0.0,VER,13.0
0.0,0.32491428,0.0,0.0,0.46621507,0.0,4.0436373,3.8519976,0.28156707,0.12047435,0.5398482,3.0462232,2.7708714,0.0,2.9091837,0.0,0.0,1.9658927,0.0,0.45172748,0.0,0.80497795,2.5186536,0.0022664256,0.0,0.0,3.2104135,0.0,0.33057958,1.293755,0.7190018,0.0,VER,14.0
0.0,0.46354675,0.0,0.0,0.2461633,0.0,4.5878186,4.3360105,0.2785692,0.0,0.45825562,3.5724692,2.9727907,0.0,3.0376496,0.0,0.0,2.0087361,0.0,0.31556284,0.0,0.7104473,2.9747477,0.0,0.0,0.0,3.461733,0.0,0.07910484,1.2969509,0.35975245,0.0,VER,16.0
0.0,0.40647763,0.0,0.0,0.17921329,0.0,4.2326283,4.0000486,0.30206203,0.0,0.56449944,3.3180077,2.692365,0.0,2.9215355,0.0,0.0,1.8362062,0.0,0.34476608,0.0,0.7115007,2.6696093,0.0,0.0,0.0,3.2769961,0.0,0.13367395,1.1839373,0.3746143,0.0,VER,17.0
0.0,0.2670064,0.0,0.0,0.03773441,0.0,4.478678,4.077305,0.04063438,0.0,0.6358539,3.1115043,2.952652,0.0,2.8508937,0.0,0.0,1.7269143,0.0,0.3890208,0.0,0.90993315,2.6651688,0.0,0.0,0.0,3.250906,0.0,0.19598915,0.96867454,0.54408556,0.0,VER,18.0
0.0,0.20140967,0.0,0.0,0.0,0.0,4.59143,4.138792,0.0,0.0,0.72198373,3.1485896,3.029605,0.0,2.960258,0.0,0.0,1.7443992,0.0,0.36231923,0.0,0.9447234,2.6672494,0.0,0.0,0.0,3.3595953,0.0,0.18711324,0.8762823,0.5377455,0.0,VER,19.0
0.0,0.45886815,0.0,0.0,0.4022179,0.0,4.1199117,3.9668972,0.4107269,0.062279187,0.3807186,3.369188,2.644672,0.0,2.8673434,0.0,0.0,1.9476676,0.0,0.32545304,0.0,0.61616343,2.7760842,0.0,0.0,0.0,3.2327816,0.0,0.11382301,1.3548156,0.38657504,0.0,VER,20.0
0.0,0.40091753,0.0,0.0,0.24572396,0.0,4.2619877,4.014763,0.2544719,0.0,0.46481752,3.2368078,2.7558095,0.0,2.8411512,0.0,0.0,1.840863,0.0,0.33323717,0.0,0.71933883,2.7604315,0.0,0.0,0.0,3.2293935,0.0,0.12642582,1.2024032,0.43307889,0.0,VER,21.0
0.0,0.21294835,0.0,0.0,0.024552204,0.0,4.2959986,3.9143896,0.09844109,0.0,0.64020634,3.0644176,2.8049378,0.0,2.9138381,0.0,0.0,1.8175237,0.0,0.289084,0.0,0.7835952,2.523367,0.0,0.0,0.0,3.2669818,0.0,0.15565996,0.9729516,0.48968673,0.0,VER,22.0
0.0,0.3942153,0.0,0.0,0.4669482,0.0,3.7226334,3.599199,0.4520044,0.14662349,0.40329725,3.0747507,2.40146,0.0,2.7414172,0.0,0.0,1.9035484,0.0,0.28881827,0.0,0.53774,2.502388,0.0,0.0,0.0,3.063184,0.0,0.14028727,1.3262379,0.4313702,0.0,VER,23.0
0.0,0.36047,0.0,0.0,0.31866625,0.0,3.9795299,3.7499278,0.25276133,0.017222837,0.3492339,3.070901,2.635404,0.0,2.6815963,0.0,0.0,1.8512309,0.0,0.29990357,0.0,0.66030836,2.6295254,0.0,0.0,0.0,3.0320375,0.0,0.12212716,1.1970446,0.43544978,0.0,VER,24.0
0.0,0.17371497,0.0,0.0,0.12802958,0.0,4.059346,3.6811318,0.021989174,0.0,0.61389565,2.7498176,2.7860637,0.0,2.7234473,0.0,0.0,1.7783363,0.0,0.39201653,0.0,0.9117152,2.4136486,0.021682367,0.0,0.0,3.0487628,0.0,0.29766846,0.94341034,0.6924327,0.0,VER,25.0
0.0,0.37150028,0.0,0.0,0.38696292,0.0,3.709757,3.5198472,0.24774891,0.061671734,0.43281916,2.7937953,2.4915457,0.0,2.4553409,0.0,0.0,1.6000643,0.0,0.4409799,0.0,0.7361268,2.3222475,0.0,0.0,0.0,2.7585847,0.0,0.27927572,1.1132098,0.60195965,0.0,VER,26.0
0.0,0.4133926,0.0,0.0,0.36701423,0.0,3.9845603,3.791436,0.28754985,0.062096775,0.38566244,3.0733125,2.6609666,0.0,2.7071595,0.0,0.0,1.8401473,0.0,0.3615008,0.0,0.69107544,2.5851517,0.0,0.0,0.0,3.023487,0.0,0.17191738,1.2562786,0.4904592,0.0,VER,27.0
0.0,0.37011957,0.0,0.0,0.470107,0.0,3.7617385,3.611588,0.33547974,0.18808126,0.30244756,2.9541497,2.533657,0.0,2.6669502,0.0,0.0,1.9551007,0.0,0.29185703,0.0,0.5854344,2.527481,0.0,0.0,0.0,3.0053132,0.0,0.1404459,1.319361,0.48018628,0.0,VER,28.0
0.0,0.56576526,0.0,0.0,0.6753489,0.0,3.6746502,3.6821644,0.48969406,0.33704662,0.22732481,3.0621336,2.483621,0.0,2.6048377,0.0,0.0,1.87731,0.0,0.40983826,0.0,0.55796427,2.4617136,0.0,0.0,0.0,2.839986,0.0,0.23360355,1.5236874,0.548494,0.0,VER,29.0
0.0,0.18926172,0.0,0.24763082,0.42792857,0.0,3.7023668,3.4616354,0.16006747,0.17630412,0.61009514,2.5227742,2.6807387,0.0,2.7027895,0.0,0.0,1.8794003,0.0,0.509609,0.0,0.9242639,2.2020516,0.41311425,0.0,0.0,2.9619877,0.0,0.47239727,1.1170088,0.94482815,0.0,VER,30.0
0.0,0.34923777,0.0,0.1202768,0.5576824,0.0,3.5272322,3.3881538,0.33219442,0.25968096,0.50039595,2.6079986,2.4751832,0.0,2.5520191,0.0,0.0,1.7547637,0.0,0.54445934,0.0,0.8009651,2.0848718,0.29832172,0.0,0.0,2.756627,0.0,0.46046096,1.260671,0.8848027,0.0,VER,31.0
0.0,0.489173,0.0,0.0,0.7133391,0.0,3.6199558,3.5548918,0.42117408,0.36714515,0.24917214,2.8661234,2.5391033,0.0,2.5158396,0.0,0.0,1.8537313,0.0,0.49613854,0.0,0.6818393,2.3962648,0.019149777,0.0,0.0,2.7424395,0.0,0.33991283,1.4371337,0.7346258,0.0,VER,32.0
0.0,0.5704775,0.0,0.064460225,0.8821208,0.0,3.2426567,3.3510432,0.62765056,0.5402965,0.19008285,2.8650212,2.2142591,0.0,2.4465187,0.0,0.0,1.8526955,0.0,0.48997295,0.0,0.5421813,2.2846289,0.0,0.0,0.0,2.644454,0.0,0.3202904,1.5916045,0.6669007,0.04193524,VER,33.0
0.0,0.31002074,0.0,0.023259323,0.512061,0.0,3.7553837,3.5280533,0.10046845,0.2071937,0.39923567,2.5389478,2.7485414,0.0,2.4340973,0.0,0.0,1.7268143,0.0,0.5231534,0.0,0.86647546,2.176489,0.27232927,0.0,0.0,2.695906,0.0,0.422244,1.1540298,0.90768784,0.0,VER,34.0
0.0,0.1854541,0.0,0.2888704,0.60515356,0.0,3.2342367,3.1180024,0.34856665,0.34488595,0.47943333,2.4567926,2.3068962,0.0,2.6131487,0.0,0.0,1.9551158,0.0,0.41277957,0.07448564,0.68635404,2.0254314,0.3672719,0.0,0.0,2.819244,0.0,0.3925199,1.2543341,0.854652,0.11446905,VER,35.0
0.0,0.38681966,0.0,0.36913842,1.0408154,0.0,3.335344,3.3886387,0.51758933,0.7171926,0.24895228,2.699376,2.5102196,0.0,2.693578,0.0,0.0,2.2480583,0.0,0.505512,0.19589782,0.6659328,2.3329468,0.4412015,0.0,0.0,2.8670695,0.0,0.47854733,1.6718854,0.9899916,0.1615482,VER,36.0
0.0,0.015201125,0.0,0.10834785,0.0,0.0,4.1293554,3.64681,0.0,0.0,0.89409447,2.6204202,2.8444922,0.0,2.8846312,0.0,0.0,1.7353209,0.0,0.4677686,0.0,1.0744497,2.2887197,0.25321347,0.0,0.0,3.2084908,0.0,0.42945778,0.7726778,0.86407346,0.0,VER,38.0
0.0,0.1673533,0.0,0.05783864,0.14282574,0.0,3.9684458,3.634993,0.083213195,0.0,0.8207953,2.674275,2.6924233,0.0,2.7305803,0.0,0.0,1.6398165,0.0,0.51845145,0.0,0.980944,2.2329478,0.17654331,0.0,0.0,3.0655432,0.0,0.42934,0.90865844,0.814318,0.0,VER,39.0
0.0,0.004910987,0.0,0.0,0.0,0.0,4.2142644,3.686317,0.0,0.0,0.7717375,2.5077078,2.960756,0.0,2.6707559,0.0,0.0,1.6106064,0.0,0.39428294,0.0,1.0618685,2.3616176,0.15194282,0.0,0.0,3.0412233,0.0,0.33605945,0.66308504,0.7669091,0.0,VER,40.0
0.0,0.0,0.0,0.05734563,0.0,0.0,4.109326,3.6220298,0.0,0.0,0.8302381,2.6414275,2.8044524,0.0,2.8807003,0.0,0.0,1.7862433,0.0,0.3724383,0.0,0.9956605,2.327269,0.13298747,0.0,0.0,3.2255733,0.0,0.33025002,0.747122,0.7516317,0.0,VER,43.0
0.0,0.0,0.0,0.40708542,0.073110946,0.0,3.6288188,3.228387,0.07840031,0.0,0.8815945,2.427615,2.5272071,0.0,3.0099506,0.0,0.0,2.064361,0.0,0.2980237,0.1618196,0.915041,2.2136672,0.37698394,0.0,0.0,3.341888,0.0,0.35401583,0.84321564,0.77305466,0.14374816,VER,44.0
0.0,0.0,0.0,0.44974017,0.17874113,0.0,3.3246644,2.9505217,0.0,0.008523274,0.8215735,2.060064,2.4292219,0.0,2.6282122,0.0,0.0,1.7744378,0.0,0.44144386,0.15942192,0.96973056,1.8711531,0.630735,0.0,0.0,2.8888388,0.0,0.49527532,0.76865697,0.9564217,0.08230848,VER,45.0
0.0,0.24806586,0.0,0.0,0.27139658,0.0,4.103019,3.7806,0.17875382,0.0,0.5514342,2.9472728,2.7805293,0.0,2.825353,0.0,0.0,1.8955194,0.0,0.36503345,0.0,0.81950873,2.490665,0.0,0.0,0.0,3.1465328,0.0,0.2551198,1.1254491,0.66312444,0.0,VER,46.0
0.0,0.0,0.0,0.18716504,0.0,0.0,4.458695,3.8646822,0.0,0.0,1.208206,2.8203096,2.9490693,0.0,3.28393,0.0,0.0,1.8409451,0.0,0.44787169,0.0,1.2216253,2.4685454,0.25217918,0.0,0.0,3.6506279,0.0,0.44778585,0.66261744,0.8473375,0.0,VER,47.0
0.0,0.062054384,0.0,0.22799903,0.31926754,0.0,3.8332953,3.4820065,0.035663337,0.07649255,0.6407176,2.5087957,2.780238,0.0,2.71187,0.0,0.0,1.8862464,0.0,0.44148952,0.0,0.96975976,2.3197803,0.3781817,0.0,0.0,3.03239,0.0,0.42958242,0.98984057,0.9149456,0.0,VER,48.0
0.0,0.0,0.0,0.12836844,0.0,0.0,4.3646545,3.8834398,0.0,0.0,0.8265286,2.869862,3.0247943,0.0,3.1941078,0.0,0.0,2.1044023,0.0,0.30772325,0.0,1.0033079,2.630808,0.09667079,0.0,0.0,3.571496,0.0,0.29627186,0.91026235,0.7248893,0.0,VER,49.0
0.0,0.0,0.0,0.17311732,0.0,0.0,4.7422247,3.9959219,0.0,0.0,1.0040312,2.4699383,3.4995852,0.0,3.011478,0.0,0.0,1.8635272,0.0,0.46221468,0.0,1.4187206,2.4848661,0.4683829,0.0,0.0,3.425429,0.0,0.5011176,0.51735073,1.0985144,0.0,VER,50.0
0.0,0.013043102,0.0,0.42192984,0.21471876,0.0,3.8383038,3.4646666,0.11505543,0.0,0.9836629,2.5060768,2.690412,0.0,2.9607267,0.0,0.0,1.8601645,0.0,0.5603094,0.084077336,1.1112586,2.224662,0.56873703,0.0,0.0,3.2505782,0.0,0.58281595,0.921683,1.0179894,0.05637406,VER,51.0
0.0,0.0,0.0,0.15522422,0.0,0.0,4.575059,3.9556296,0.0,0.0,1.0290884,2.6351535,3.2560441,0.0,3.1030927,0.0,0.0,1.8900913,0.0,0.45689362,0.0,1.2910147,2.3990946,0.38292885,0.0,0.0,3.4805133,0.0,0.48904723,0.68107206,0.9921538,0.0,VER,52.0
0.0,0.21138802,0.0,0.0,0.0053329617,0.0,4.930906,4.4332304,0.0,0.0,0.81682736,3.1715515,3.3779588,0.0,3.1331308,0.0,0.0,1.8842423,0.0,0.48520252,0.0,1.1685505,2.89128,0.0,0.0,0.0,3.545965,0.0,0.34961987,0.9640774,0.76552314,0.0,VER,53.0
0.0,0.0,0.0,0.112712726,0.0,0.0,4.6323967,4.045926,0.0,0.0,1.0502781,2.9478643,3.1566017,0.0,3.3792605,0.0,0.0,2.1152678,0.0,0.32398558,0.0,1.1142478,2.6409588,0.09410903,0.0,0.0,3.7787113,0.0,0.33022285,0.80074376,0.76550907,0.0,VER,54.0
0.0,0.0,0.0,0.08522573,0.0,0.0,4.6612616,4.0356674,0.0,0.0,0.9545758,2.9340525,3.2070003,0.0,3.4095287,0.0,0.0,2.2565498,0.0,0.22009638,0.0,1.0436943,2.676509,0.05273348,0.0,0.0,3.8020566,0.0,0.24219464,0.82536817,0.7118877,0.0,VER,55.0
0.0,0.017340723,0.0,0.07560082,0.10610128,0.0,4.422735,3.927918,0.0,0.0,0.6878659,2.6806552,3.1842256,0.0,2.8980627,0.0,0.0,1.9368093,0.0,0.40300268,0.0,1.113408,2.531672,0.2316551,0.0,0.0,3.2775686,0.0,0.37961423,0.8826609,0.8878548,0.0,VER,56.0
0.0,0.0,0.0,0.80209017,0.0967204,0.0,3.627814,3.1959245,0.16273788,0.0,1.3690188,2.2739496,2.545923,0.0,3.281365,0.0,0.0,1.9994015,0.0,0.6230197,0.41888943,1.2853252,1.9783959,1.0129553,0.0,0.0,3.5222955,0.0,0.75531334,0.81437165,1.2344259,0.3794454,VER,57.0
